{
"type": "FeatureCollection",
"name": "latvia_territories_4326",
"crs": { "type": "name", "properties": { "name": "urn:ogc:def:crs:OGC:1.3:CRS84" } },
"features": [
{ "type": "Feature", "properties": { "VEIDS": "novads", "NOSAUKUMS": "Alūksnes novads", "LABEL": "Alūksnes nov.", "PLAT_KVKM": 1697.58 }, "geometry": { "type": "Polygon", "coordinates": [ [ [ 26.6788559478418, 57.318071494775232 ], [ 26.683232385390255, 57.333485164937507 ], [ 26.629186228967058, 57.343100789541687 ], [ 26.648420219806017, 57.352744341230725 ], [ 26.60156435015411, 57.369999743018823 ], [ 26.59478832492357, 57.397490158987601 ], [ 26.628755248832711, 57.419855668272163 ], [ 26.64980676570821, 57.413031104700643 ], [ 26.698691952469591, 57.419108813849427 ], [ 26.721059821636889, 57.411860084437635 ], [ 26.719711934352105, 57.42468744760081 ], [ 26.737187029722104, 57.445187693372588 ], [ 26.732650832647067, 57.459386426096373 ], [ 26.75084488208832, 57.473657312656485 ], [ 26.741034912233115, 57.484285705710462 ], [ 26.787510950339424, 57.501577331606896 ], [ 26.821069078974226, 57.497408913405998 ], [ 26.83577411812476, 57.504096864361749 ], [ 26.823791960056816, 57.510332834122934 ], [ 26.825643565855685, 57.519566903530851 ], [ 26.842578992865544, 57.529806194488749 ], [ 26.833176405193377, 57.540421480987554 ], [ 26.842483507286072, 57.543116345186554 ], [ 26.840201336656481, 57.556973576167387 ], [ 26.817037550095197, 57.564910923166821 ], [ 26.839022471788013, 57.576716793686174 ], [ 26.83537753425918, 57.583438988934397 ], [ 26.862846939106259, 57.592877102284028 ], [ 26.857572552887039, 57.600933903413193 ], [ 26.864346948953507, 57.608388775749326 ], [ 26.85780516685346, 57.611025241687763 ], [ 26.906864731456952, 57.633109303585691 ], [ 26.926293388926425, 57.633316700955291 ], [ 26.930180930709739, 57.623455885847534 ], [ 26.950463574105051, 57.620514265597144 ], [ 26.939913588545775, 57.609076645004784 ], [ 26.945588380944912, 57.602782255911791 ], [ 26.970796314904472, 57.60479857928091 ], [ 26.975417304744887, 57.612613395362594 ], [ 26.995210260473915, 57.604590691960738 ], [ 27.031447311670576, 57.604517359699784 ], [ 27.044596344028868, 57.596772299106256 ], [ 27.033627243773207, 57.585163840819376 ], [ 27.046935458966033, 57.580665253519967 ], [ 27.194215091449081, 57.550584081337902 ], [ 27.257960136032825, 57.550780914587492 ], [ 27.350634211393356, 57.517715638085789 ], [ 27.374855569535388, 57.535397490258333 ], [ 27.415063088038249, 57.522647653837737 ], [ 27.500589760775494, 57.540225162189394 ], [ 27.556406046592421, 57.537806665818621 ], [ 27.546268037886623, 57.519260427216146 ], [ 27.555374969336246, 57.521270679009561 ], [ 27.567339221497399, 57.509217673765896 ], [ 27.555722474156447, 57.497558272407801 ], [ 27.55101585108725, 57.466044919650116 ], [ 27.540641523117213, 57.467826841415018 ], [ 27.515920658593942, 57.424477443088655 ], [ 27.560496259945324, 57.411065349368251 ], [ 27.603239960684824, 57.415631680096752 ], [ 27.623851960757673, 57.401671018872619 ], [ 27.669915727160998, 57.395186332682599 ], [ 27.690820124779233, 57.370543953676943 ], [ 27.693080446538346, 57.331392074128253 ], [ 27.632648161011321, 57.307889409954676 ], [ 27.59252761151572, 57.30747791825813 ], [ 27.591310859588017, 57.279299510365902 ], [ 27.561360553374918, 57.279658452472233 ], [ 27.555580170560344, 57.260634692954291 ], [ 27.500762821559206, 57.260574726765064 ], [ 27.495564526752663, 57.282181015667696 ], [ 27.460558876745168, 57.283049948314613 ], [ 27.460904500145158, 57.264141022189477 ], [ 27.42584078860261, 57.263753345753621 ], [ 27.42044985700376, 57.254093552973288 ], [ 27.40331991191249, 57.253839093926729 ], [ 27.355737046093179, 57.286568800313695 ], [ 27.300569804154783, 57.266170599523811 ], [ 27.294427483546087, 57.251779003653326 ], [ 27.254872024871414, 57.247586810023876 ], [ 27.243288173442284, 57.25295841674324 ], [ 27.230770961029368, 57.232849478129701 ], [ 27.202667882282078, 57.240170380284077 ], [ 27.194571475832198, 57.230523698777169 ], [ 27.170917129878781, 57.225114742712158 ], [ 27.044005373864533, 57.251729654093111 ], [ 27.048897276293097, 57.260463923135205 ], [ 27.080971970349296, 57.269910202959728 ], [ 27.034633661517411, 57.280222342252294 ], [ 26.979446355630408, 57.306470139802535 ], [ 26.900055092958596, 57.304588620593748 ], [ 26.867702760629246, 57.295501661365641 ], [ 26.8477831897006, 57.317678973456701 ], [ 26.797334589234541, 57.310855400607956 ], [ 26.779910689801206, 57.325194656506334 ], [ 26.763907309043844, 57.327297983734987 ], [ 26.744790942981851, 57.323331828256691 ], [ 26.750869874922362, 57.313044200174126 ], [ 26.742434136606992, 57.307850445665821 ], [ 26.713110095874274, 57.303727956731016 ], [ 26.6788559478418, 57.318071494775232 ] ] ] } },
{ "type": "Feature", "properties": { "VEIDS": "novads", "NOSAUKUMS": "Līvānu novads", "LABEL": "Līvānu nov.", "PLAT_KVKM": 622.56 }, "geometry": { "type": "Polygon", "coordinates": [ [ [ 26.546092539782691, 56.377232621405284 ], [ 26.492854363328568, 56.398278590358792 ], [ 26.476097735555403, 56.35837255396828 ], [ 26.511557211058978, 56.354613051156797 ], [ 26.505942174735956, 56.348602795078435 ], [ 26.511821808669321, 56.342660527991107 ], [ 26.541031624527331, 56.340524477320152 ], [ 26.570199369960534, 56.323443077300986 ], [ 26.594370114741444, 56.325250555910536 ], [ 26.593214726066147, 56.303849849831352 ], [ 26.60649490154643, 56.299724466520594 ], [ 26.610983725149453, 56.2850398838576 ], [ 26.573006292086657, 56.276719568009057 ], [ 26.569174254816794, 56.266964079066078 ], [ 26.560143779990316, 56.266226434355289 ], [ 26.506438964804175, 56.280465256184392 ], [ 26.481392774522547, 56.28262247915729 ], [ 26.466801706399607, 56.271906909984722 ], [ 26.45537341641473, 56.279708257195438 ], [ 26.43210852160469, 56.277928364449558 ], [ 26.415866568092653, 56.284777690156858 ], [ 26.416236246505385, 56.293901584182272 ], [ 26.3986028369584, 56.299133338643038 ], [ 26.399790574904088, 56.314168181233299 ], [ 26.386853652926998, 56.324943923537639 ], [ 26.364632521651515, 56.316104783799751 ], [ 26.371574389529144, 56.30861130310042 ], [ 26.362724676677143, 56.304592357690503 ], [ 26.368822551170584, 56.29759144286443 ], [ 26.359805537358461, 56.290025474245297 ], [ 26.363233881044764, 56.280844220726188 ], [ 26.294929955751201, 56.294528081279587 ], [ 26.316642096827078, 56.230853223164111 ], [ 26.29084666725241, 56.228105775465352 ], [ 26.311514154822468, 56.219143406209028 ], [ 26.332464925780609, 56.190553492542577 ], [ 26.291271119975388, 56.181150629453761 ], [ 26.272560897725754, 56.201785480333541 ], [ 26.19652295035743, 56.22204465234087 ], [ 26.177833034296448, 56.235421555612817 ], [ 26.201957209443776, 56.272462310546715 ], [ 26.181112975530464, 56.292416078619524 ], [ 26.152653514913503, 56.37971609671839 ], [ 26.082055980828116, 56.408388635398175 ], [ 26.153256987939205, 56.426934452851498 ], [ 26.195315917217712, 56.462634867245121 ], [ 26.192418109085143, 56.468368284043017 ], [ 26.221122090988729, 56.485522461650383 ], [ 26.2249412783857, 56.502848287336491 ], [ 26.252844899190098, 56.502871855954723 ], [ 26.26377453014274, 56.511049866508422 ], [ 26.263795941643028, 56.521751681730741 ], [ 26.284107845702355, 56.521234210020843 ], [ 26.31879684108906, 56.513092872764759 ], [ 26.320190873477149, 56.50495638293431 ], [ 26.312691531704033, 56.501745263941714 ], [ 26.365387583422667, 56.472893628429894 ], [ 26.365101428939493, 56.451981051955251 ], [ 26.439020200136468, 56.475045043341417 ], [ 26.468764378878411, 56.495044011992768 ], [ 26.547768601145926, 56.495110762413326 ], [ 26.549223093679203, 56.484031765569235 ], [ 26.559551160837295, 56.484436582454002 ], [ 26.553684798581063, 56.44829259619766 ], [ 26.596024318100152, 56.435891303367796 ], [ 26.562186246544584, 56.386878086198344 ], [ 26.546092539782691, 56.377232621405284 ] ] ] } },
{ "type": "Feature", "properties": { "VEIDS": "novads", "NOSAUKUMS": "Gulbenes novads", "LABEL": "Gulbenes nov.", "PLAT_KVKM": 1872.22 }, "geometry": { "type": "Polygon", "coordinates": [ [ [ 26.413355620575633, 57.049893288499753 ], [ 26.369529095399567, 57.043015821022315 ], [ 26.327948982261407, 57.072871550709948 ], [ 26.318986462468072, 57.095528906177407 ], [ 26.284799644267444, 57.08104904120551 ], [ 26.201071118569022, 57.091815733968566 ], [ 26.191831971246408, 57.091433660771258 ], [ 26.189105085690866, 57.079808138115339 ], [ 26.170589814558596, 57.085611065732301 ], [ 26.108479639999878, 57.076958241916465 ], [ 26.132267841893036, 57.094558841957763 ], [ 26.138537916371376, 57.117133184175749 ], [ 26.166141856210672, 57.129138440438112 ], [ 26.165650651637819, 57.140292328667684 ], [ 26.152618708784008, 57.144465178095466 ], [ 26.154148710902195, 57.152658728037864 ], [ 26.139116989043703, 57.165577693962085 ], [ 26.118358936316763, 57.171306915561289 ], [ 26.109236623939601, 57.193808350910857 ], [ 26.099800086041363, 57.195955632139174 ], [ 26.102958352836854, 57.204914747785125 ], [ 26.065078740362392, 57.216412171582746 ], [ 26.010596452695285, 57.215882555528871 ], [ 25.996233173433854, 57.244374051459381 ], [ 26.033339507863513, 57.252627531197184 ], [ 26.042667427565668, 57.245109547710939 ], [ 26.0577846191423, 57.248069261741747 ], [ 26.062107414692811, 57.251388127840897 ], [ 26.050152488142142, 57.266445400440539 ], [ 26.084672489245982, 57.282195451933227 ], [ 26.122179547675614, 57.270838814051118 ], [ 26.159588574813466, 57.279765202872234 ], [ 26.268290069183795, 57.281256767798297 ], [ 26.250667443353372, 57.304323952483884 ], [ 26.286571823710755, 57.308801103541001 ], [ 26.290495706011097, 57.317213077857531 ], [ 26.276467652854176, 57.320224987195616 ], [ 26.27500949436747, 57.329387449042173 ], [ 26.353632595529668, 57.315975919941728 ], [ 26.440892540977568, 57.329806117503423 ], [ 26.424723386005041, 57.35026065624276 ], [ 26.395559382164492, 57.339495358760495 ], [ 26.387149672676969, 57.354019665443893 ], [ 26.431975457838448, 57.350910525627363 ], [ 26.430179682065056, 57.369267240688508 ], [ 26.488302802201424, 57.373177662995552 ], [ 26.46273380176034, 57.396744689600133 ], [ 26.471851809448516, 57.395922279881063 ], [ 26.46861017361698, 57.404427302368909 ], [ 26.48138200872571, 57.407154906782814 ], [ 26.495956726640372, 57.3992881871674 ], [ 26.524416595542348, 57.408865446269182 ], [ 26.53353244635662, 57.391206897204519 ], [ 26.54978215014922, 57.390392382452596 ], [ 26.573928403058545, 57.402796236890872 ], [ 26.597569896637307, 57.389349663265214 ], [ 26.60156435015411, 57.369999743018823 ], [ 26.648420219806017, 57.352744341230725 ], [ 26.629186228967058, 57.343100789541687 ], [ 26.683232385390255, 57.333485164937507 ], [ 26.6788559478418, 57.318071494775232 ], [ 26.713110095874274, 57.303727956731016 ], [ 26.742434136606992, 57.307850445665821 ], [ 26.750869874922362, 57.313044200174126 ], [ 26.744790942981851, 57.323331828256691 ], [ 26.763907309043844, 57.327297983734987 ], [ 26.779910689801206, 57.325194656506334 ], [ 26.797334589234541, 57.310855400607956 ], [ 26.8477831897006, 57.317678973456701 ], [ 26.867702760629246, 57.295501661365641 ], [ 26.900055092958596, 57.304588620593748 ], [ 26.979446355630408, 57.306470139802535 ], [ 27.034633661517411, 57.280222342252294 ], [ 27.080971970349296, 57.269910202959728 ], [ 27.048897276293097, 57.260463923135205 ], [ 27.044005373864533, 57.251729654093111 ], [ 27.163065062980138, 57.227108339332844 ], [ 27.139817939573344, 57.202879224325152 ], [ 27.100157954074231, 57.181195578527486 ], [ 27.100858896562308, 57.173466338123056 ], [ 27.067413893682058, 57.165135359145104 ], [ 27.039032827107949, 57.131140837668191 ], [ 26.976021631303468, 57.090123101591459 ], [ 26.965185200419061, 57.063896616107307 ], [ 26.9378475069351, 57.045031736296281 ], [ 26.887415447540157, 57.03865177150859 ], [ 26.883157093361859, 57.035348646411833 ], [ 26.890997592622494, 57.033307819133846 ], [ 26.880239724041161, 57.030612713439417 ], [ 26.885622271722156, 57.027474123326151 ], [ 26.859659897394671, 57.023241654865743 ], [ 26.870739817945822, 57.014638891051064 ], [ 26.857375168016265, 57.016302783547438 ], [ 26.857902558942627, 57.006710430507553 ], [ 26.87328128178433, 57.008679465797854 ], [ 26.876364462246588, 56.999320561849075 ], [ 26.866927481133036, 56.997547919599484 ], [ 26.871290368639844, 56.994150399090337 ], [ 26.863333367724081, 56.983568010593373 ], [ 26.788526872805104, 56.987607834479007 ], [ 26.781451614700302, 56.997066276983276 ], [ 26.754615141044322, 56.994331105650808 ], [ 26.709414995212651, 56.971206541772595 ], [ 26.689595468312881, 56.976971888507286 ], [ 26.644811377515079, 56.969029213386413 ], [ 26.582289427825163, 56.943859740500663 ], [ 26.567871506761477, 56.946668113309435 ], [ 26.563043070093286, 56.976417468589013 ], [ 26.544464161994714, 57.006592304489864 ], [ 26.545945570200171, 57.021372417710317 ], [ 26.498974818681774, 57.047831680618209 ], [ 26.497011278841573, 57.055542217254285 ], [ 26.478578734708005, 57.053143479283136 ], [ 26.464983466043787, 57.06259293712445 ], [ 26.441719344611705, 57.063920546327445 ], [ 26.413355620575633, 57.049893288499753 ] ] ] } },
{ "type": "Feature", "properties": { "VEIDS": "novads", "NOSAUKUMS": "Ventspils novads", "LABEL": "Ventspils nov.", "PLAT_KVKM": 2458.58 }, "geometry": { "type": "Polygon", "coordinates": [ [ [ 22.242839609345566, 57.500576952257546 ], [ 22.192507054250076, 57.473160551359641 ], [ 22.165506100428132, 57.475756273441114 ], [ 22.172447623370818, 57.462212861651594 ], [ 22.188089076421235, 57.459903512830152 ], [ 22.177157564764709, 57.450039576251847 ], [ 22.129498626228482, 57.432170188622955 ], [ 22.076572556892291, 57.424529740575437 ], [ 22.132509484884714, 57.402482496727984 ], [ 22.192867845140547, 57.395428073002435 ], [ 22.246927208993444, 57.407516077548934 ], [ 22.257870509738499, 57.384582095243168 ], [ 22.284093188133323, 57.384391115297447 ], [ 22.276783910805392, 57.382417380300588 ], [ 22.289554472519001, 57.34877988218652 ], [ 22.279471104117889, 57.324771168142838 ], [ 22.298989865746677, 57.320963385702598 ], [ 22.309717810307713, 57.289857898405543 ], [ 22.300921674106842, 57.282659124881434 ], [ 22.320048267420287, 57.278797139485441 ], [ 22.312138323507604, 57.268670224669897 ], [ 22.268941227643193, 57.266661167202891 ], [ 22.257368594757708, 57.257535250856151 ], [ 22.260260672535413, 57.249887465049916 ], [ 22.23669359683733, 57.245102303081339 ], [ 22.22989887289862, 57.219780121789505 ], [ 22.211063153821215, 57.227243241289713 ], [ 22.210928825635158, 57.217476731632416 ], [ 22.19553519101952, 57.210075511138413 ], [ 22.193031484560002, 57.201683645428993 ], [ 22.200563581912398, 57.197836548137239 ], [ 22.179268100163245, 57.198292835734797 ], [ 22.184000336896773, 57.19010174727444 ], [ 22.210066618997281, 57.187502925379242 ], [ 22.201172653027999, 57.153104343524262 ], [ 22.19039034565829, 57.148194472164938 ], [ 22.197222676609126, 57.141313319718854 ], [ 22.188408285795113, 57.125359026496056 ], [ 22.193882835663988, 57.124043821421289 ], [ 22.179020140453868, 57.119285834453827 ], [ 22.184319975893345, 57.115913810645395 ], [ 22.122973022000835, 57.110402451678837 ], [ 22.128690675604176, 57.102616227567495 ], [ 22.09728992180991, 57.099193244313675 ], [ 22.069439868964995, 57.099766023030114 ], [ 22.01065884871851, 57.117430463150413 ], [ 21.997513856214418, 57.103951113203017 ], [ 21.960583059974894, 57.101510279459326 ], [ 21.946516662744664, 57.092630252648824 ], [ 21.903128529355051, 57.099418925511486 ], [ 21.894095168104315, 57.091819764222315 ], [ 21.88080490072867, 57.100092160360909 ], [ 21.846852716311112, 57.102842497701438 ], [ 21.827259794181366, 57.088627428293769 ], [ 21.798480519297659, 57.088831139832052 ], [ 21.80214624257383, 57.083869315037362 ], [ 21.792374773680095, 57.080896373029091 ], [ 21.784233552416506, 57.089215468549313 ], [ 21.797835141819206, 57.094986491588791 ], [ 21.790362034535434, 57.10490881863678 ], [ 21.736275465908484, 57.107671070289044 ], [ 21.706874023510661, 57.122778534012916 ], [ 21.694270245046912, 57.107478057134919 ], [ 21.663319791119434, 57.112051430934613 ], [ 21.658560937894528, 57.120518885433903 ], [ 21.62296524106014, 57.112932244098616 ], [ 21.630384509764067, 57.101212801243548 ], [ 21.602534619135575, 57.093552067508142 ], [ 21.596944633515164, 57.084121747855022 ], [ 21.574885535868045, 57.08943090238779 ], [ 21.538062209360472, 57.069109574946069 ], [ 21.526691353823988, 57.076698463720298 ], [ 21.507938594819624, 57.07467983241046 ], [ 21.513248557360463, 57.059324918566972 ], [ 21.483130589657353, 57.056294721156085 ], [ 21.494514536588071, 57.024219224286988 ], [ 21.465412962103326, 57.020955651087242 ], [ 21.484347843535321, 56.964344648061967 ], [ 21.455746386073844, 56.961382588525261 ], [ 21.460903830425313, 56.945627547237528 ], [ 21.394689438274863, 56.938838503144403 ], [ 21.401993104433032, 56.947058619926942 ], [ 21.368961508549887, 56.96561237157681 ], [ 21.374803480470021, 56.967565130237766 ], [ 21.350581644211243, 56.964306692827975 ], [ 21.333832320465699, 56.975567517894795 ], [ 21.373573485994523, 57.001454629790551 ], [ 21.411452982074572, 57.054566638706348 ], [ 21.417432540971451, 57.082419706995807 ], [ 21.406372324124519, 57.174916130944801 ], [ 21.414449192295468, 57.213151255734367 ], [ 21.411591930925038, 57.267776152264354 ], [ 21.419478709000725, 57.291331222340489 ], [ 21.517383820353849, 57.378796090223787 ], [ 21.538999989044264, 57.369691033112112 ], [ 21.544828504918133, 57.359794498427895 ], [ 21.535216501577057, 57.349634204870505 ], [ 21.546470264370978, 57.358010700119699 ], [ 21.572372698978445, 57.347987785035336 ], [ 21.574784693443778, 57.359675626476829 ], [ 21.5917195920922, 57.370107784662757 ], [ 21.619651921182879, 57.355877905828223 ], [ 21.614567142798141, 57.383189813320342 ], [ 21.623351785511311, 57.394599414843967 ], [ 21.673473771349666, 57.403885639836702 ], [ 21.664071679844533, 57.430443686673932 ], [ 21.652912559028454, 57.433245178820641 ], [ 21.660081211471468, 57.440590078224552 ], [ 21.654307754453871, 57.46049484908297 ], [ 21.624951417640581, 57.469711307829606 ], [ 21.661326141993644, 57.50608524447388 ], [ 21.686735243778777, 57.554923799497836 ], [ 21.70557797278931, 57.569886489064821 ], [ 21.844764337420361, 57.598232060447735 ], [ 22.002614577363268, 57.605160895912462 ], [ 22.195871974688295, 57.657080392397241 ], [ 22.2240449817041, 57.632161456233021 ], [ 22.208791763793386, 57.626444268977615 ], [ 22.20794562514568, 57.615776634825693 ], [ 22.228670074383196, 57.627772111907383 ], [ 22.256421552513729, 57.603209979001001 ], [ 22.24371490923189, 57.597163632818791 ], [ 22.247408563078917, 57.572132339313868 ], [ 22.268192138521023, 57.555694797873073 ], [ 22.271962451819814, 57.525121024284637 ], [ 22.281948044495369, 57.508885121581706 ], [ 22.276568835267131, 57.501265696190991 ], [ 22.242839609345566, 57.500576952257546 ] ] ] } },
{ "type": "Feature", "properties": { "VEIDS": "novads", "NOSAUKUMS": "Valkas novads", "LABEL": "Valkas nov.", "PLAT_KVKM": 908.83 }, "geometry": { "type": "Polygon", "coordinates": [ [ [ 26.321462180822834, 57.519845931020726 ], [ 26.290865269808062, 57.516717011993613 ], [ 26.294513034351819, 57.520151459416766 ], [ 26.282662522439281, 57.52372464791371 ], [ 26.261721348872911, 57.511578096680658 ], [ 26.239410718187585, 57.514820090202818 ], [ 26.23048659505266, 57.521847413838657 ], [ 26.234238718228426, 57.532296829351466 ], [ 26.255561749532763, 57.538940534710171 ], [ 26.223136107485036, 57.53465335704928 ], [ 26.182815371348301, 57.545081890895261 ], [ 26.172525257541064, 57.537298771861998 ], [ 26.14864872474223, 57.540063420013254 ], [ 26.127855667866484, 57.561078964614175 ], [ 26.0935357780441, 57.549673838183544 ], [ 26.06873569530871, 57.555594502842851 ], [ 26.013134882556546, 57.552590665531987 ], [ 25.965692157367542, 57.545297284193104 ], [ 25.96086069682941, 57.535495945164158 ], [ 25.884406140858363, 57.530743969834077 ], [ 25.874240165329486, 57.540671070364091 ], [ 25.902492195121884, 57.559133610291319 ], [ 25.915686047639753, 57.559205855303134 ], [ 25.916463592390965, 57.586553909267238 ], [ 25.852222713348286, 57.600662898070134 ], [ 25.90672880369651, 57.599467598300919 ], [ 25.913398700628839, 57.609137893793921 ], [ 25.930333395538323, 57.609922351018483 ], [ 25.926118168165285, 57.61444482968637 ], [ 25.936081194643531, 57.611555729671096 ], [ 25.953565907182508, 57.625225117224488 ], [ 25.964246576610655, 57.623052319169638 ], [ 25.961267489605302, 57.629652753707163 ], [ 25.978052730253165, 57.639627355306523 ], [ 25.975033832549794, 57.661379031802454 ], [ 25.988864639690206, 57.658470158359535 ], [ 25.993949045083788, 57.666817325054033 ], [ 25.85537526755606, 57.686291802611478 ], [ 25.859651473173656, 57.702964041436864 ], [ 25.827875605254363, 57.702444851431899 ], [ 25.836282505759083, 57.736018509560175 ], [ 25.845486428914359, 57.741661035656207 ], [ 25.839397680141239, 57.747308730196274 ], [ 25.811874229391293, 57.737048080775189 ], [ 25.722399361797414, 57.727355585424505 ], [ 25.635454587101716, 57.755822323966186 ], [ 25.622377468532367, 57.768481409894051 ], [ 25.544663111537883, 57.787283372599639 ], [ 25.549073167202241, 57.798085326780601 ], [ 25.56772449552318, 57.800248395143214 ], [ 25.571378299453443, 57.80829500178519 ], [ 25.560112657488865, 57.818716724412681 ], [ 25.54126923439798, 57.817254712961329 ], [ 25.476265534956656, 57.860289511976482 ], [ 25.491066053059999, 57.877115960903765 ], [ 25.51603936225214, 57.863364283125328 ], [ 25.530166167227151, 57.869416399687843 ], [ 25.533067421242308, 57.87973708445756 ], [ 25.557589895198415, 57.882863181217573 ], [ 25.571862331044439, 57.876585817753607 ], [ 25.583102067007434, 57.886110315062282 ], [ 25.615558196037647, 57.874398764753956 ], [ 25.622780015956334, 57.864412457453064 ], [ 25.673061802431956, 57.854304548358563 ], [ 25.68135588874302, 57.857801800074483 ], [ 25.676944001165221, 57.861989561917248 ], [ 25.685318829525066, 57.874444605562971 ], [ 25.675934954659166, 57.882910152317073 ], [ 25.691752582370682, 57.885512249463943 ], [ 25.703171131720055, 57.903270190948575 ], [ 25.737462942249945, 57.924156281959753 ], [ 25.788288339319973, 57.904581716401964 ], [ 25.785128099487778, 57.89923041939236 ], [ 25.820271333076104, 57.864862142634635 ], [ 25.859124506260034, 57.857275161339722 ], [ 25.875843116514368, 57.865018614017053 ], [ 25.888126591415347, 57.84705489748049 ], [ 25.931504782467062, 57.853425009507539 ], [ 25.961959681761648, 57.845878377770241 ], [ 25.998580188010571, 57.85903530030491 ], [ 26.010994257540219, 57.858188147473733 ], [ 26.020659135307795, 57.846191995057971 ], [ 26.056458424863568, 57.848431849002822 ], [ 26.058661110207659, 57.836973060763775 ], [ 26.02042562711561, 57.771863731840028 ], [ 26.059129784534615, 57.760901007498241 ], [ 26.078686033735224, 57.766805603237508 ], [ 26.136205438635173, 57.750955195266748 ], [ 26.142909722974778, 57.733209184782275 ], [ 26.205740051057454, 57.714995199318011 ], [ 26.17931639398051, 57.687608318886326 ], [ 26.212311003969909, 57.679370903091765 ], [ 26.212111101902561, 57.665816429217848 ], [ 26.239630831571763, 57.658143494470799 ], [ 26.24304430889535, 57.651172460644723 ], [ 26.231954409082718, 57.647369281781728 ], [ 26.246256519941131, 57.639292491688785 ], [ 26.240575187150039, 57.633561450194676 ], [ 26.253916153275842, 57.625864030558056 ], [ 26.247864696915322, 57.620369560081187 ], [ 26.256098857996729, 57.621240006271989 ], [ 26.254939516643883, 57.614121970836166 ], [ 26.284618463104824, 57.592343301100804 ], [ 26.31084689101683, 57.592835659232534 ], [ 26.312430985408479, 57.584265072098496 ], [ 26.365405119180803, 57.571532942697218 ], [ 26.33619606872875, 57.553518951183733 ], [ 26.334014132366271, 57.545157139458624 ], [ 26.343754795262605, 57.539950780833884 ], [ 26.327761351567897, 57.534799321244599 ], [ 26.34934929892616, 57.53014641688263 ], [ 26.343415390011423, 57.523363925152772 ], [ 26.347758590232388, 57.515244950965119 ], [ 26.368178503363875, 57.516592518869047 ], [ 26.368304798464045, 57.508845737566126 ], [ 26.309538002700155, 57.49895887659283 ], [ 26.305729120187639, 57.509782053009978 ], [ 26.321462180822834, 57.519845931020726 ] ] ] } },
{ "type": "Feature", "properties": { "VEIDS": "novads", "NOSAUKUMS": "Salaspils novads", "LABEL": "Salaspils nov.", "PLAT_KVKM": 122.82 }, "geometry": { "type": "Polygon", "coordinates": [ [ [ 24.27707257894194, 56.871641424432951 ], [ 24.254006570261481, 56.904547445289225 ], [ 24.252118525136954, 56.913720273037583 ], [ 24.262710990398809, 56.914125949934238 ], [ 24.258044327214783, 56.920393343871929 ], [ 24.346019248027698, 56.916232634298503 ], [ 24.330975752616453, 56.904127862152883 ], [ 24.346331022367441, 56.89813110243707 ], [ 24.370695886646025, 56.917422501037144 ], [ 24.456095153304432, 56.924741623148321 ], [ 24.451069638001417, 56.921704160694709 ], [ 24.464877542842853, 56.915280474744314 ], [ 24.453706127895849, 56.906140053157458 ], [ 24.498423404726331, 56.902589596399032 ], [ 24.50079378790474, 56.892453260099664 ], [ 24.517877838745061, 56.886248778012828 ], [ 24.510003320519672, 56.872743853525833 ], [ 24.495826359978764, 56.872323261444905 ], [ 24.488771519812023, 56.875209500118451 ], [ 24.486338039945995, 56.879407448908673 ], [ 24.496373225137916, 56.87679817849606 ], [ 24.495214374330889, 56.884409177514073 ], [ 24.484672171038, 56.888412997759836 ], [ 24.437093524149223, 56.894172672116831 ], [ 24.432586722656961, 56.891692434076141 ], [ 24.456539292291506, 56.866418681537439 ], [ 24.438995299241331, 56.854190410512331 ], [ 24.442329133515809, 56.842316795935979 ], [ 24.434939252405648, 56.838004806075467 ], [ 24.340327588148, 56.841567367100708 ], [ 24.339539312295255, 56.835392046201918 ], [ 24.290911217935875, 56.821752336448185 ], [ 24.272508197855455, 56.833429618450488 ], [ 24.233943949988536, 56.834818684911873 ], [ 24.228262393278133, 56.84566033124689 ], [ 24.19119899464738, 56.867912532094685 ], [ 24.207271854869344, 56.881776200965049 ], [ 24.26197276959855, 56.858138100128784 ], [ 24.310565896197588, 56.859312603651965 ], [ 24.27707257894194, 56.871641424432951 ] ] ] } },
{ "type": "Feature", "properties": { "VEIDS": "valstspilsēta", "NOSAUKUMS": "Jelgavas pilsēta", "LABEL": "Jelgava", "PLAT_KVKM": 60.56 }, "geometry": { "type": "Polygon", "coordinates": [ [ [ 23.632971279310635, 56.681999716184642 ], [ 23.686310783500829, 56.675517922554455 ], [ 23.703907726953481, 56.683140508746455 ], [ 23.698171627979605, 56.687101666272035 ], [ 23.728072205261284, 56.691835162392216 ], [ 23.731771124918538, 56.684942640359573 ], [ 23.762953892531765, 56.68735103531548 ], [ 23.787724805768796, 56.682241278310869 ], [ 23.780783343150137, 56.664871941063147 ], [ 23.799571462711036, 56.656136008182706 ], [ 23.760813565421667, 56.643198998923644 ], [ 23.780144060107503, 56.635765792315652 ], [ 23.775150176544461, 56.62447046862777 ], [ 23.739650188428399, 56.626830826307675 ], [ 23.738926066224369, 56.619832864886654 ], [ 23.724198958210188, 56.617899879882536 ], [ 23.71640645388641, 56.597579126157854 ], [ 23.688807834226029, 56.597590895272177 ], [ 23.675101714814549, 56.601197653920593 ], [ 23.678788836984552, 56.615165123520079 ], [ 23.687946044306415, 56.61946419617837 ], [ 23.672631003301753, 56.645203859716595 ], [ 23.640597305114575, 56.650724810918703 ], [ 23.623654085453147, 56.674345587244346 ], [ 23.632971279310635, 56.681999716184642 ] ] ] } },
{ "type": "Feature", "properties": { "VEIDS": "valstspilsēta", "NOSAUKUMS": "Rēzeknes pilsēta", "LABEL": "Rēzekne", "PLAT_KVKM": 17.5 }, "geometry": { "type": "Polygon", "coordinates": [ [ [ 27.379118100728192, 56.515876115440442 ], [ 27.366423782324379, 56.511539314465921 ], [ 27.374597594025502, 56.505886959025837 ], [ 27.3709444470019, 56.49939116176224 ], [ 27.353287561916659, 56.4955679789635 ], [ 27.33988062059132, 56.477802257931629 ], [ 27.325025683143664, 56.49217195472076 ], [ 27.303222691424615, 56.495588429118769 ], [ 27.317471548897913, 56.507833955436269 ], [ 27.308380252093389, 56.514535366009511 ], [ 27.308471399164308, 56.530299832007707 ], [ 27.349098933942571, 56.53686185907307 ], [ 27.346112376193592, 56.530858498078956 ], [ 27.373481980586568, 56.53186424133682 ], [ 27.376792710816378, 56.525473946278609 ], [ 27.364777922249857, 56.516839455109768 ], [ 27.379118100728192, 56.515876115440442 ] ] ] } },
{ "type": "Feature", "properties": { "VEIDS": "valstspilsēta", "NOSAUKUMS": "Jūrmalas pilsēta", "LABEL": "Jūrmala", "PLAT_KVKM": 101.36 }, "geometry": { "type": "Polygon", "coordinates": [ [ [ 23.475380457481478, 56.942488281079711 ], [ 23.482634322073057, 56.949802385927228 ], [ 23.480551533812047, 56.964768772534256 ], [ 23.552878087069718, 56.979866050241881 ], [ 23.636780086063219, 56.963487206368669 ], [ 23.702278622581741, 56.964767425586452 ], [ 23.837926267851341, 56.984359943330325 ], [ 23.933642634392932, 57.009883464640183 ], [ 23.937519818206265, 56.996719586259523 ], [ 23.970957010956958, 56.986472013333007 ], [ 23.912743631983542, 56.962560879621073 ], [ 23.890999504006, 56.968694471893755 ], [ 23.817818705777441, 56.95229245546178 ], [ 23.803622226827567, 56.967907960564482 ], [ 23.781696961000208, 56.970323897627175 ], [ 23.776539054602956, 56.962398142880211 ], [ 23.786176300787719, 56.95508165761288 ], [ 23.777434173793043, 56.94864973998645 ], [ 23.697269419676502, 56.940606372126929 ], [ 23.680164843041556, 56.931731268044594 ], [ 23.649758580870049, 56.931401602880179 ], [ 23.627078710784659, 56.942009165290159 ], [ 23.605517249287153, 56.924841683573042 ], [ 23.494355680229781, 56.932514873891499 ], [ 23.474927440193142, 56.927031507376533 ], [ 23.481217456067011, 56.932972359403927 ], [ 23.475380457481478, 56.942488281079711 ] ] ] } },
{ "type": "Feature", "properties": { "VEIDS": "valstspilsēta", "NOSAUKUMS": "Ventspils pilsēta", "LABEL": "Ventspils", "PLAT_KVKM": 57.97 }, "geometry": { "type": "Polygon", "coordinates": [ [ [ 21.543456750095679, 57.361519493073999 ], [ 21.517383820353849, 57.378796090223787 ], [ 21.528762143319664, 57.392445896258764 ], [ 21.52694516162061, 57.408138913335179 ], [ 21.550498891549456, 57.404519775478029 ], [ 21.565770441327697, 57.411217093674608 ], [ 21.593692458167904, 57.43028632506843 ], [ 21.624951417640581, 57.469711307829606 ], [ 21.654307754453871, 57.46049484908297 ], [ 21.660081211471468, 57.440590078224552 ], [ 21.652912559028454, 57.433245178820641 ], [ 21.664071679844533, 57.430443686673932 ], [ 21.673473771349666, 57.403885639836702 ], [ 21.61720994943401, 57.391016584401456 ], [ 21.619651921182879, 57.355877905828223 ], [ 21.596606292510547, 57.36231459217376 ], [ 21.597347826119133, 57.370569292741905 ], [ 21.574784693443778, 57.359675626476829 ], [ 21.572372698978445, 57.347987785035336 ], [ 21.546470264370978, 57.358010700119699 ], [ 21.533116046253436, 57.350982953890963 ], [ 21.543456750095679, 57.361519493073999 ] ] ] } },
{ "type": "Feature", "properties": { "VEIDS": "valstspilsēta", "NOSAUKUMS": "Rīgas pilsēta", "LABEL": "Rīga", "PLAT_KVKM": 304.03 }, "geometry": { "type": "Polygon", "coordinates": [ [ [ 24.118128816305923, 57.080687041840427 ], [ 24.135527437823711, 57.077279242531965 ], [ 24.151749067639376, 57.0606330407469 ], [ 24.148323381715219, 57.056145407476947 ], [ 24.187081302242639, 57.053861724462401 ], [ 24.199247165121413, 57.039720474683122 ], [ 24.197766629262361, 57.025632645077039 ], [ 24.212912828860038, 57.016910542105329 ], [ 24.272367750894297, 57.010222952450654 ], [ 24.283387260995816, 57.001939987042668 ], [ 24.278873969119051, 56.996505670474697 ], [ 24.306147381827756, 56.987095603260215 ], [ 24.304868127156986, 56.98000940982412 ], [ 24.323892836149028, 56.970172773088592 ], [ 24.287490492532353, 56.955075282644415 ], [ 24.270027989475842, 56.957481560228032 ], [ 24.263406357994008, 56.948933144030001 ], [ 24.253105923192187, 56.955826212762013 ], [ 24.233428426233935, 56.937353517951642 ], [ 24.236809375364246, 56.91311828193232 ], [ 24.227986033346436, 56.896582461912153 ], [ 24.248893478016424, 56.885892952969463 ], [ 24.244973925682764, 56.882732528293502 ], [ 24.310565896197588, 56.859312603651965 ], [ 24.26197276959855, 56.858138100128784 ], [ 24.199565161355547, 56.885552656629734 ], [ 24.185120780282919, 56.900508853616273 ], [ 24.150428372292065, 56.910061214546538 ], [ 24.146910598497186, 56.896284089552246 ], [ 24.122122879106453, 56.898260838588371 ], [ 24.10053558194252, 56.891831462349913 ], [ 24.104883161870966, 56.880475445774039 ], [ 24.068966558977586, 56.875758519135907 ], [ 24.082074225010615, 56.905184342265109 ], [ 24.076949501732145, 56.909030850923685 ], [ 24.045379516655895, 56.912577508355291 ], [ 24.039721598409425, 56.926619262909014 ], [ 23.997357316680759, 56.927378009979343 ], [ 23.945543433840779, 56.944077530743691 ], [ 23.970362382580259, 56.953339115252255 ], [ 23.9610563318525, 56.958733532399897 ], [ 24.011784795330765, 56.971679584068475 ], [ 23.988632061049476, 56.981055410689052 ], [ 24.012462136744194, 56.985240159010139 ], [ 23.971024962756175, 56.986441629139762 ], [ 23.937519818206265, 56.996719586259523 ], [ 23.933642634392932, 57.009883464640183 ], [ 24.003699498690455, 57.042798923336584 ], [ 24.021461733917882, 57.058961463990947 ], [ 24.010130037985778, 57.065363822919551 ], [ 24.014674941697411, 57.06845816973658 ], [ 24.02921403707726, 57.06442616084427 ], [ 24.118878535927657, 57.086168851613778 ], [ 24.118128816305923, 57.080687041840427 ] ] ] } },
{ "type": "Feature", "properties": { "VEIDS": "valstspilsēta", "NOSAUKUMS": "Liepājas pilsēta", "LABEL": "Liepāja", "PLAT_KVKM": 68.03 }, "geometry": { "type": "Polygon", "coordinates": [ [ [ 21.105662673618788, 56.561348142322529 ], [ 21.09625593773611, 56.546567454947649 ], [ 21.101405952029172, 56.534275636063256 ], [ 21.075631791636976, 56.535324282423176 ], [ 21.050995580806948, 56.512716039412489 ], [ 21.051999459171693, 56.482882826108117 ], [ 21.011092495094939, 56.478819029828578 ], [ 21.009513752598899, 56.465932505720112 ], [ 20.9994405427482, 56.465311082762526 ], [ 20.988214291228811, 56.509353111689336 ], [ 20.982512642129748, 56.52049576459823 ], [ 20.968366479410445, 56.525518115085269 ], [ 20.962119271298569, 56.548981277688938 ], [ 21.000178368428244, 56.558179897811975 ], [ 21.026232416180211, 56.609051718811834 ], [ 21.067716666080088, 56.604751451553909 ], [ 21.058625449984859, 56.590171092630939 ], [ 21.063568120070389, 56.567734186064371 ], [ 21.079990840633812, 56.556833040641038 ], [ 21.085086425675424, 56.56798353865338 ], [ 21.099708809935603, 56.570706740689509 ], [ 21.105662673618788, 56.561348142322529 ] ] ] } },
{ "type": "Feature", "properties": { "VEIDS": "novads", "NOSAUKUMS": "Dienvidkurzemes novads", "LABEL": "Dienvidkurzemes nov.", "PLAT_KVKM": 3591.27 }, "geometry": { "type": "Polygon", "coordinates": [ [ [ 21.415762407565886, 56.920493610368375 ], [ 21.448406340408493, 56.922663590486586 ], [ 21.441751571858806, 56.913777231984717 ], [ 21.486838659470248, 56.911899311585444 ], [ 21.495976206383666, 56.904701585951656 ], [ 21.475414122994181, 56.890302909940957 ], [ 21.481334859847301, 56.886156944940979 ], [ 21.472496794645036, 56.879181262143327 ], [ 21.476509655969785, 56.873339558420817 ], [ 21.439616365682525, 56.878074038278321 ], [ 21.442979647586128, 56.868283647226804 ], [ 21.451376698532947, 56.873662813611617 ], [ 21.511346737891269, 56.865408356191786 ], [ 21.505836533512642, 56.851789778250442 ], [ 21.51974990007874, 56.837695749593763 ], [ 21.59852409950263, 56.844715384324211 ], [ 21.61276398828106, 56.836478406961788 ], [ 21.605698515530705, 56.826499037524314 ], [ 21.644611977900144, 56.789596631775488 ], [ 21.692590030490599, 56.791259226576216 ], [ 21.750312822593482, 56.764415694836124 ], [ 21.768736456551306, 56.737677559258621 ], [ 21.756492154128061, 56.730262237164567 ], [ 21.778699347992958, 56.729656899929942 ], [ 21.782709136332453, 56.713989730909525 ], [ 21.761637828914054, 56.70172721269045 ], [ 21.826549725300818, 56.687299341578253 ], [ 21.813318673857196, 56.669241994437627 ], [ 21.834680824039253, 56.649029024467254 ], [ 21.826531886312015, 56.635305549008095 ], [ 21.81008992761527, 56.627734941891106 ], [ 21.81694942210963, 56.621675451658838 ], [ 21.777684214224525, 56.618339070147684 ], [ 21.776241382463009, 56.609359972268308 ], [ 21.799815807175563, 56.588010347407746 ], [ 21.791394837322454, 56.580641775913691 ], [ 21.800526646308423, 56.574952571429144 ], [ 21.79041965949158, 56.572639317461167 ], [ 21.797484188662352, 56.559534381188357 ], [ 21.788789883056609, 56.550245396753013 ], [ 21.813694526864751, 56.547899058334565 ], [ 21.803939736831051, 56.534603968985479 ], [ 21.837113282576052, 56.523322316871734 ], [ 21.903307422632338, 56.526180414761896 ], [ 21.907528246148129, 56.507821660747808 ], [ 21.969363774410592, 56.517172979151582 ], [ 21.963171117160904, 56.500633421088587 ], [ 21.944913193185553, 56.493141974244949 ], [ 21.94502308550447, 56.484682280671628 ], [ 21.959112966220346, 56.483297092057185 ], [ 21.951612036757552, 56.473311152094325 ], [ 21.958747363092638, 56.466341542900494 ], [ 22.006821236706411, 56.450377870341406 ], [ 22.011643746868316, 56.444821136806077 ], [ 22.000251942764873, 56.440039781308791 ], [ 22.007756287202064, 56.431731967165618 ], [ 21.932103296788313, 56.422733051488905 ], [ 21.950636943002422, 56.419168884547972 ], [ 21.964147999353131, 56.398120760987325 ], [ 21.980376807279615, 56.395544540809318 ], [ 21.969573835008333, 56.376653047338216 ], [ 21.954235280968344, 56.38160097376273 ], [ 21.872970654209446, 56.361455301892761 ], [ 21.835663998722659, 56.371618742239242 ], [ 21.807981077082559, 56.362373634037326 ], [ 21.787604037141179, 56.343660300071591 ], [ 21.740423667061119, 56.329864416172605 ], [ 21.724385843088481, 56.313597221558133 ], [ 21.673195606006971, 56.311344902078396 ], [ 21.63576845872015, 56.323697578905666 ], [ 21.603060421482347, 56.324548474364391 ], [ 21.561215888469448, 56.316232125339326 ], [ 21.557371106573065, 56.304681327665499 ], [ 21.534236686337291, 56.293350750282293 ], [ 21.49937250250445, 56.294861495820214 ], [ 21.467066105369252, 56.270766177247047 ], [ 21.452344006057729, 56.248681908237003 ], [ 21.329385119319348, 56.218466725828392 ], [ 21.282502858174954, 56.184893552084446 ], [ 21.279330902041409, 56.174546534768183 ], [ 21.23074357034929, 56.16227429968697 ], [ 21.226784201032523, 56.145928804625299 ], [ 21.238912596151863, 56.12290434086853 ], [ 21.220622103395371, 56.108784426680252 ], [ 21.22514336806638, 56.10341090921164 ], [ 21.21540907345975, 56.102173765802604 ], [ 21.202474760663954, 56.077106575111912 ], [ 21.180476403186912, 56.074966456310982 ], [ 21.159593968371897, 56.086227534522749 ], [ 21.064668084613007, 56.069191382368494 ], [ 21.035881801721924, 56.13257989296725 ], [ 20.983151137662983, 56.217548938329877 ], [ 20.985393985490735, 56.288521101497885 ], [ 20.971155727990464, 56.352627412073112 ], [ 20.9994405427482, 56.465311082762526 ], [ 21.009570634886714, 56.465938092705358 ], [ 21.011092495094939, 56.478819029828578 ], [ 21.051999459171693, 56.482882826108117 ], [ 21.050995580806948, 56.512716039412489 ], [ 21.075576666553786, 56.535299092073394 ], [ 21.101653616868592, 56.534797716200728 ], [ 21.09625593773611, 56.546567454947649 ], [ 21.104091687975277, 56.555487688595143 ], [ 21.102640040067271, 56.568684072003599 ], [ 21.085899981511535, 56.568452074036422 ], [ 21.079990840633812, 56.556833040641038 ], [ 21.063568120070389, 56.567734186064371 ], [ 21.058625449984859, 56.590171092630939 ], [ 21.067716666080088, 56.604751451553909 ], [ 21.026232416180211, 56.609051718811834 ], [ 21.057692139495646, 56.700231902841551 ], [ 21.056220183323884, 56.834088020612242 ], [ 21.166464050127548, 56.89198054089313 ], [ 21.241427187550318, 56.916625647613209 ], [ 21.289489768026112, 56.954057214839665 ], [ 21.333832320465699, 56.975567517894795 ], [ 21.350581644211243, 56.964306692827975 ], [ 21.369093446339193, 56.968818411748941 ], [ 21.392347842504289, 56.956478313839959 ], [ 21.402602229258648, 56.945984525307473 ], [ 21.394228752696499, 56.937742545563637 ], [ 21.399980057713716, 56.92769328136508 ], [ 21.415762407565886, 56.920493610368375 ] ] ] } },
{ "type": "Feature", "properties": { "VEIDS": "novads", "NOSAUKUMS": "Kuldīgas novads", "LABEL": "Kuldīgas nov.", "PLAT_KVKM": 2505.19 }, "geometry": { "type": "Polygon", "coordinates": [ [ [ 22.469005700794781, 56.982139220576222 ], [ 22.458248496839666, 56.954711050470941 ], [ 22.464276014236574, 56.945901673646034 ], [ 22.443349252247362, 56.938810740478395 ], [ 22.455849343309421, 56.915240420828383 ], [ 22.435410907681828, 56.906903828586202 ], [ 22.436399221939897, 56.886835427899506 ], [ 22.402933139681963, 56.888929489604621 ], [ 22.398065203479089, 56.875414438465427 ], [ 22.375146889153132, 56.894470679829062 ], [ 22.353403420828101, 56.894865266576787 ], [ 22.343492043477369, 56.918686173379591 ], [ 22.284091689671587, 56.924757127739682 ], [ 22.280631472028801, 56.91851156558338 ], [ 22.297442419821909, 56.915388964255385 ], [ 22.293976726163656, 56.906912756485532 ], [ 22.262445858062026, 56.901299757448179 ], [ 22.268982660409009, 56.89678948576605 ], [ 22.266010638928577, 56.888133824294364 ], [ 22.328858764413035, 56.885533415072679 ], [ 22.329788976153509, 56.871998796448047 ], [ 22.352034397505786, 56.862662662922467 ], [ 22.345424836164629, 56.851880481344473 ], [ 22.314175498150977, 56.854093454213221 ], [ 22.305395903209547, 56.834244079644542 ], [ 22.261801971938727, 56.833918890906844 ], [ 22.226300599818906, 56.821581892586387 ], [ 22.222639127464802, 56.806912226076037 ], [ 22.230052813580283, 56.804465321766635 ], [ 22.213906600090198, 56.794580188942923 ], [ 22.165911039679685, 56.797229217088599 ], [ 22.175791554242526, 56.755985576711126 ], [ 22.195033463581485, 56.734918400192406 ], [ 22.177113461395393, 56.730039547759837 ], [ 22.180247391478833, 56.718143098114851 ], [ 22.169339249829363, 56.701024647852584 ], [ 22.133335457359866, 56.693128553202129 ], [ 22.125352981668943, 56.682460004941262 ], [ 22.087952825593415, 56.686992499891154 ], [ 22.105704212518511, 56.675149942839418 ], [ 22.098897128375651, 56.672313516726966 ], [ 22.112833102608043, 56.646891228412898 ], [ 22.105844914145024, 56.637449789181645 ], [ 22.121783979694133, 56.630915907427706 ], [ 22.106042181582779, 56.6221567795223 ], [ 22.109268051603664, 56.612491829527599 ], [ 22.122644253783843, 56.608087182990332 ], [ 22.114845666400917, 56.594739897203674 ], [ 22.136501132603801, 56.573534554757252 ], [ 22.122828404499227, 56.565571289480793 ], [ 22.012945870082412, 56.554964271074624 ], [ 22.014517988230857, 56.539264133467562 ], [ 22.063248126984561, 56.526889470195215 ], [ 22.059864701232286, 56.50800777099623 ], [ 22.04705176000375, 56.504827900916816 ], [ 22.047700485347999, 56.497599605206162 ], [ 22.015215942212325, 56.51420088152404 ], [ 21.991479857426942, 56.505444721154895 ], [ 21.965095116753343, 56.507849652340596 ], [ 21.969843167809703, 56.516541676169901 ], [ 21.963418742709194, 56.518272825042082 ], [ 21.907528246148129, 56.507821660747808 ], [ 21.903307422632338, 56.526180414761896 ], [ 21.842074184761028, 56.522697599126644 ], [ 21.803939736831051, 56.534603968985479 ], [ 21.813765403407292, 56.547821914084842 ], [ 21.788472126919824, 56.550683984674677 ], [ 21.797484188662352, 56.559534381188357 ], [ 21.79041965949158, 56.572639317461167 ], [ 21.800377283421369, 56.57460355370862 ], [ 21.791380456256579, 56.580489114768525 ], [ 21.799815807175563, 56.588010347407746 ], [ 21.776241382463009, 56.609359972268308 ], [ 21.777515250342738, 56.617772512863191 ], [ 21.81694942210963, 56.621675451658838 ], [ 21.81008992761527, 56.627734941891106 ], [ 21.826531886312015, 56.635305549008095 ], [ 21.834680824039253, 56.649029024467254 ], [ 21.813318673857196, 56.669241994437627 ], [ 21.826549725300818, 56.687299341578253 ], [ 21.761637828914054, 56.70172721269045 ], [ 21.782709136332453, 56.713989730909525 ], [ 21.778699347992958, 56.729656899929942 ], [ 21.756492154128061, 56.730262237164567 ], [ 21.768736456551306, 56.737677559258621 ], [ 21.765570937885673, 56.749669365588375 ], [ 21.749465754369869, 56.765096534722773 ], [ 21.697943476697795, 56.789655486314089 ], [ 21.644611977900144, 56.789596631775488 ], [ 21.605698515530705, 56.826499037524314 ], [ 21.61276398828106, 56.836478406961788 ], [ 21.59852409950263, 56.844715384324211 ], [ 21.51974990007874, 56.837695749593763 ], [ 21.505836533512642, 56.851789778250442 ], [ 21.511346737891269, 56.865408356191786 ], [ 21.451376698532947, 56.873662813611617 ], [ 21.442979647586128, 56.868283647226804 ], [ 21.439616365682525, 56.878074038278321 ], [ 21.476509655969785, 56.873339558420817 ], [ 21.472496794645036, 56.879181262143327 ], [ 21.481334859847301, 56.886156944940979 ], [ 21.475414122994181, 56.890302909940957 ], [ 21.495976206383666, 56.904701585951656 ], [ 21.486838659470248, 56.911899311585444 ], [ 21.441751571858806, 56.913777231984717 ], [ 21.448406340408493, 56.922663590486586 ], [ 21.416405444254917, 56.920063547545311 ], [ 21.394228752696499, 56.937742545563637 ], [ 21.460903830425313, 56.945627547237528 ], [ 21.455746386073844, 56.961382588525261 ], [ 21.484347843535321, 56.964344648061967 ], [ 21.465412962103326, 57.020955651087242 ], [ 21.494514536588071, 57.024219224286988 ], [ 21.483130589657353, 57.056294721156085 ], [ 21.513248557360463, 57.059324918566972 ], [ 21.507938594819624, 57.07467983241046 ], [ 21.526691353823988, 57.076698463720298 ], [ 21.538062209360472, 57.069109574946069 ], [ 21.574885535868045, 57.08943090238779 ], [ 21.596944633515164, 57.084121747855022 ], [ 21.602534619135575, 57.093552067508142 ], [ 21.630384509764067, 57.101212801243548 ], [ 21.62296524106014, 57.112932244098616 ], [ 21.658560937894528, 57.120518885433903 ], [ 21.663319791119434, 57.112051430934613 ], [ 21.694270245046912, 57.107478057134919 ], [ 21.710641668393119, 57.122359307315328 ], [ 21.736275465908484, 57.107671070289044 ], [ 21.790362034535434, 57.10490881863678 ], [ 21.797835141819206, 57.094986491588791 ], [ 21.784233552416506, 57.089215468549313 ], [ 21.792374773680095, 57.080896373029091 ], [ 21.80214624257383, 57.083869315037362 ], [ 21.798480519297659, 57.088831139832052 ], [ 21.827259794181366, 57.088627428293769 ], [ 21.846852716311112, 57.102842497701438 ], [ 21.88080490072867, 57.100092160360909 ], [ 21.894095168104315, 57.091819764222315 ], [ 21.903128529355051, 57.099418925511486 ], [ 21.953846474691375, 57.092992062041553 ], [ 21.960583059974894, 57.101510279459326 ], [ 21.997513856214418, 57.103951113203017 ], [ 22.01065884871851, 57.117430463150413 ], [ 22.070339655623371, 57.099616389417299 ], [ 22.12420411359545, 57.101253653346788 ], [ 22.122973022000835, 57.110402451678837 ], [ 22.184319975893345, 57.115913810645395 ], [ 22.179020140453868, 57.119285834453827 ], [ 22.193882835663988, 57.124043821421289 ], [ 22.188408285795113, 57.125359026496056 ], [ 22.197222676609126, 57.141313319718854 ], [ 22.19039034565829, 57.148194472164938 ], [ 22.201171764365832, 57.153102569848834 ], [ 22.209579140613602, 57.185983819485521 ], [ 22.240953369262797, 57.170669681950486 ], [ 22.252129183878914, 57.173106069221333 ], [ 22.241487262670397, 57.148800156685539 ], [ 22.273008431416731, 57.128914215243562 ], [ 22.357887925522572, 57.111971096894507 ], [ 22.357781289585212, 57.089499486510206 ], [ 22.374539690572476, 57.080516101585175 ], [ 22.380053919391806, 57.058966065236184 ], [ 22.360374909307367, 57.056633135698895 ], [ 22.355729102487636, 57.047329582795449 ], [ 22.359651525944766, 57.033802090974092 ], [ 22.376838950254424, 57.035261094238514 ], [ 22.386541061460612, 57.011877423336536 ], [ 22.447877525120838, 57.018937701024562 ], [ 22.477664288057056, 57.010801676457852 ], [ 22.482998363860073, 57.01892705405951 ], [ 22.503725955716249, 57.020083046023252 ], [ 22.502124043465603, 57.005713363643878 ], [ 22.48532717983916, 56.992592448768853 ], [ 22.483024728092971, 56.979207784201421 ], [ 22.469005700794781, 56.982139220576222 ] ] ] } },
{ "type": "Feature", "properties": { "VEIDS": "novads", "NOSAUKUMS": "Saldus novads", "LABEL": "Saldus nov.", "PLAT_KVKM": 2179.4 }, "geometry": { "type": "Polygon", "coordinates": [ [ [ 22.736866877685095, 56.56672320547856 ], [ 22.735963893686698, 56.54855565692656 ], [ 22.746739795225153, 56.544998931108346 ], [ 22.736551072417491, 56.524424127609933 ], [ 22.722876361888481, 56.521741560821837 ], [ 22.733504314560573, 56.507649258031194 ], [ 22.711303719150287, 56.489105154863104 ], [ 22.730618721234748, 56.479951446580976 ], [ 22.74456559262563, 56.482916320641216 ], [ 22.755440604694158, 56.47308078684037 ], [ 22.742365274737462, 56.460674458601524 ], [ 22.753632587947862, 56.451309257703727 ], [ 22.73060079895976, 56.45109475339617 ], [ 22.736290953552434, 56.445954859710568 ], [ 22.729442260473817, 56.423607889127219 ], [ 22.78250748130246, 56.421731178370841 ], [ 22.827953188020452, 56.402132148321371 ], [ 22.880917593961456, 56.391165727647206 ], [ 22.896386788101221, 56.400981881171191 ], [ 22.917597510255764, 56.399919439268764 ], [ 22.928613473421386, 56.388106809316412 ], [ 22.919173554124313, 56.379018304034425 ], [ 22.857239046626386, 56.365974066804455 ], [ 22.730008952462462, 56.37309150856791 ], [ 22.697458425224816, 56.353212282739115 ], [ 22.680095023575923, 56.351588853122259 ], [ 22.639563075732454, 56.364293903695994 ], [ 22.616192829895933, 56.382576268077258 ], [ 22.423632767774041, 56.410022260467379 ], [ 22.348640671658856, 56.393803887465232 ], [ 22.311487622296667, 56.409984082326972 ], [ 22.24366561988651, 56.399745932045292 ], [ 22.215360648002651, 56.412394289241703 ], [ 22.209147326537565, 56.424053712069544 ], [ 22.165749459501413, 56.419626236916685 ], [ 22.125395838693578, 56.432345784060075 ], [ 22.048758829480313, 56.417023458595516 ], [ 22.015440844466987, 56.424300541234146 ], [ 22.01451535150607, 56.414516458787809 ], [ 21.991752756598611, 56.413604568376279 ], [ 21.987969630916684, 56.400200223192918 ], [ 21.974057610847225, 56.395316894265697 ], [ 21.962765145094298, 56.399384069562174 ], [ 21.950636943002422, 56.419168884547972 ], [ 21.932109572945539, 56.422640729214216 ], [ 22.007756287202064, 56.431731967165618 ], [ 22.000251942764873, 56.440039781308791 ], [ 22.011643746868316, 56.444821136806077 ], [ 22.006821236706411, 56.450377870341406 ], [ 21.951612036757552, 56.473311152094325 ], [ 21.959112966220346, 56.483297092057185 ], [ 21.945194800396749, 56.484481785939963 ], [ 21.944732354268652, 56.492889929830881 ], [ 21.961453833803375, 56.499074655071531 ], [ 21.963285580920623, 56.507483296263239 ], [ 21.991479857426942, 56.505444721154895 ], [ 22.015215942212325, 56.51420088152404 ], [ 22.047700485347999, 56.497599605206162 ], [ 22.04705176000375, 56.504827900916816 ], [ 22.059864701232286, 56.50800777099623 ], [ 22.06307669603822, 56.527101468303407 ], [ 22.014517988230857, 56.539264133467562 ], [ 22.012945870082412, 56.554964271074624 ], [ 22.122828404499227, 56.565571289480793 ], [ 22.136303921869832, 56.573119061586461 ], [ 22.114845666400917, 56.594739897203674 ], [ 22.122644253783843, 56.608087182990332 ], [ 22.109268051603664, 56.612491829527599 ], [ 22.106042181582779, 56.6221567795223 ], [ 22.121783979694133, 56.630915907427706 ], [ 22.105844914145024, 56.637449789181645 ], [ 22.112833102608043, 56.646891228412898 ], [ 22.098897128375651, 56.672313516726966 ], [ 22.105704212518511, 56.675149942839418 ], [ 22.087952825593415, 56.686992499891154 ], [ 22.125352981668943, 56.682460004941262 ], [ 22.133335457359866, 56.693128553202129 ], [ 22.169339249829363, 56.701024647852584 ], [ 22.180247391478833, 56.718143098114851 ], [ 22.177113461395393, 56.730039547759837 ], [ 22.195033463581485, 56.734918400192406 ], [ 22.175791554242526, 56.755985576711126 ], [ 22.165911039679685, 56.797229217088599 ], [ 22.213906600090198, 56.794580188942923 ], [ 22.230052813580283, 56.804465321766635 ], [ 22.222639127464802, 56.806912226076037 ], [ 22.226300599818906, 56.821581892586387 ], [ 22.261801971938727, 56.833918890906844 ], [ 22.305395903209547, 56.834244079644542 ], [ 22.314175498150977, 56.854093454213221 ], [ 22.345424836164629, 56.851880481344473 ], [ 22.352034397505786, 56.862662662922467 ], [ 22.329788976153509, 56.871998796448047 ], [ 22.328858764413035, 56.885533415072679 ], [ 22.265892342749307, 56.888274994641492 ], [ 22.268982660409009, 56.89678948576605 ], [ 22.262445858062026, 56.901299757448179 ], [ 22.293976726163656, 56.906912756485532 ], [ 22.296372162500475, 56.916654045549365 ], [ 22.28035930993731, 56.919518597783167 ], [ 22.294453726447706, 56.927791742909498 ], [ 22.343492043477369, 56.918686173379591 ], [ 22.353403420828101, 56.894865266576787 ], [ 22.375146889153132, 56.894470679829062 ], [ 22.398065203479089, 56.875414438465427 ], [ 22.402933139681963, 56.888929489604621 ], [ 22.436399221939897, 56.886835427899506 ], [ 22.435410907681828, 56.906903828586202 ], [ 22.455457421053985, 56.917822284744297 ], [ 22.528683537854988, 56.920689972332951 ], [ 22.538386554682599, 56.916472766343439 ], [ 22.535171204705499, 56.909059415359643 ], [ 22.525218817007996, 56.911500755244681 ], [ 22.509816872731527, 56.901856294725476 ], [ 22.514976731756221, 56.894541855088463 ], [ 22.522864848112025, 56.900733427397313 ], [ 22.529127058319364, 56.885020216843436 ], [ 22.513952546460168, 56.884716471757812 ], [ 22.5231061061004, 56.87336433509973 ], [ 22.512963315216584, 56.874730684453318 ], [ 22.494176103625026, 56.854342657931632 ], [ 22.520356577718513, 56.84200323512237 ], [ 22.602096776826464, 56.839745106542011 ], [ 22.609568787383253, 56.823099614557592 ], [ 22.645299591418151, 56.819199252347275 ], [ 22.640881926139233, 56.808794723844983 ], [ 22.681972066930012, 56.813290092730227 ], [ 22.713500159884269, 56.796721756188582 ], [ 22.760294918860708, 56.809841199670295 ], [ 22.778008749098397, 56.802519149559643 ], [ 22.788616033824244, 56.808147565685417 ], [ 22.791645081877899, 56.803032187306854 ], [ 22.784116469502159, 56.799258028165866 ], [ 22.825506397441377, 56.77384882679641 ], [ 22.82670165353818, 56.755250430733412 ], [ 22.820499839531934, 56.750180704403149 ], [ 22.836811269447303, 56.716879472532426 ], [ 22.811775350870128, 56.716614330497912 ], [ 22.815651620223893, 56.708085517077592 ], [ 22.825381637849368, 56.708496502558688 ], [ 22.823299198124793, 56.696144521908394 ], [ 22.80385744001503, 56.694218928479913 ], [ 22.804743849143978, 56.683465500933558 ], [ 22.788967888020331, 56.682178918184519 ], [ 22.833086096205815, 56.680525787721187 ], [ 22.845124296507748, 56.654183253723836 ], [ 22.86598984685277, 56.642276899479619 ], [ 22.845426924121028, 56.636049732294623 ], [ 22.849490071196907, 56.625808258180598 ], [ 22.838365351699153, 56.605899817191627 ], [ 22.777982653422832, 56.611828438851454 ], [ 22.775548997315177, 56.603777228262111 ], [ 22.783355679883165, 56.598456359340602 ], [ 22.775325099273804, 56.589290048816871 ], [ 22.788416966723506, 56.588153545268035 ], [ 22.791619396868267, 56.575527258716939 ], [ 22.808722743882146, 56.568602919153328 ], [ 22.78108035158424, 56.572698337304978 ], [ 22.788217895552773, 56.563944401730922 ], [ 22.75864230451598, 56.55650869433471 ], [ 22.736866877685095, 56.56672320547856 ] ] ] } },
{ "type": "Feature", "properties": { "VEIDS": "novads", "NOSAUKUMS": "Talsu novads", "LABEL": "Talsu nov.", "PLAT_KVKM": 2750.64 }, "geometry": { "type": "Polygon", "coordinates": [ [ [ 22.192507054250076, 57.473160551359641 ], [ 22.242839609345566, 57.500576952257546 ], [ 22.276568835267131, 57.501265696190991 ], [ 22.281948044495369, 57.508885121581706 ], [ 22.271962451819814, 57.525121024284637 ], [ 22.268192138521023, 57.555694797873073 ], [ 22.247408563078917, 57.572132339313868 ], [ 22.24371490923189, 57.597163632818791 ], [ 22.256421552513729, 57.603209979001001 ], [ 22.228670074383196, 57.627772111907383 ], [ 22.20794562514568, 57.615776634825693 ], [ 22.208791763793386, 57.626444268977615 ], [ 22.2240449817041, 57.632161456233021 ], [ 22.195871974688295, 57.657080392397241 ], [ 22.509878769184859, 57.744187731167408 ], [ 22.606182866282907, 57.758921785762311 ], [ 22.57857069693268, 57.717288690586486 ], [ 22.574570406391093, 57.675786535959659 ], [ 22.593353516597961, 57.630030568306772 ], [ 22.62924976246358, 57.590501242199522 ], [ 22.69612305041786, 57.549733682578861 ], [ 22.812303413007147, 57.5110448326881 ], [ 22.813149271413373, 57.504529603335364 ], [ 22.846387284742875, 57.492327387885467 ], [ 22.940932561051962, 57.416176898486327 ], [ 23.037119931957747, 57.378400872187825 ], [ 23.121699399394927, 57.366839165568713 ], [ 23.132514239199544, 57.359832664283076 ], [ 23.126945054368733, 57.338993518486923 ], [ 23.142053268693374, 57.335221809169894 ], [ 23.137057751870138, 57.326820626477193 ], [ 23.146997735854793, 57.316230387280989 ], [ 23.117522756794539, 57.31308121250094 ], [ 23.10214242017409, 57.302594726298629 ], [ 23.121520264399635, 57.252285384357243 ], [ 23.095434475434271, 57.249197595680045 ], [ 23.088127653046634, 57.242276167245443 ], [ 23.091749261379292, 57.230676081348982 ], [ 23.05954284356163, 57.221333179062896 ], [ 23.064432908545882, 57.217248932183622 ], [ 23.048377608196891, 57.205079781007626 ], [ 22.992598178719145, 57.194668565830696 ], [ 22.981211797367337, 57.181626423966712 ], [ 22.944109143145258, 57.17380023220862 ], [ 22.950415156088766, 57.162143236794797 ], [ 22.93637303529589, 57.152112055647869 ], [ 22.928004325989807, 57.130407826760077 ], [ 22.836796398650684, 57.145523542546627 ], [ 22.805446341049507, 57.140008650259091 ], [ 22.798554309397041, 57.130063694102141 ], [ 22.772731555414538, 57.123090072157353 ], [ 22.768348431830631, 57.111359055396392 ], [ 22.733631728088241, 57.112693881021954 ], [ 22.708735902298919, 57.101859016281971 ], [ 22.639120646649197, 57.096997790993051 ], [ 22.636135550666868, 57.066409563250382 ], [ 22.648118783640538, 57.055062228740951 ], [ 22.645579260602219, 57.043398032636006 ], [ 22.655226939890682, 57.042966328989493 ], [ 22.642295136200193, 57.016410449861546 ], [ 22.608599337112615, 57.01910502681099 ], [ 22.594402666388778, 57.02769369200734 ], [ 22.562790248212131, 57.022573462052037 ], [ 22.561888124015979, 57.015443121378809 ], [ 22.576827352940501, 57.014127548644041 ], [ 22.565307942726545, 57.004869242129338 ], [ 22.548638885141109, 57.003840572324677 ], [ 22.50104059264714, 57.021939024666494 ], [ 22.482998363860073, 57.01892705405951 ], [ 22.477664288057056, 57.010801676457852 ], [ 22.447877525120838, 57.018937701024562 ], [ 22.386541061460612, 57.011877423336536 ], [ 22.376838950254424, 57.035261094238514 ], [ 22.359651525944766, 57.033802090974092 ], [ 22.355729102487636, 57.047329582795449 ], [ 22.360374909307367, 57.056633135698895 ], [ 22.380053919391806, 57.058966065236184 ], [ 22.374539690572476, 57.080516101585175 ], [ 22.357781289585212, 57.089499486510206 ], [ 22.357472744304474, 57.112375331039111 ], [ 22.273008431416731, 57.128914215243562 ], [ 22.241487262670397, 57.148800156685539 ], [ 22.252129183878914, 57.173106069221333 ], [ 22.240953369262797, 57.170669681950486 ], [ 22.178876439026141, 57.19747786874192 ], [ 22.200563581912398, 57.197836548137239 ], [ 22.193031484560002, 57.201683645428993 ], [ 22.19553519101952, 57.210075511138413 ], [ 22.210928825635158, 57.217476731632416 ], [ 22.211063153821215, 57.227243241289713 ], [ 22.22989887289862, 57.219780121789505 ], [ 22.23669359683733, 57.245102303081339 ], [ 22.260260672535413, 57.249887465049916 ], [ 22.257368594757708, 57.257535250856151 ], [ 22.268941227643193, 57.266661167202891 ], [ 22.312138323507604, 57.268670224669897 ], [ 22.320048267420287, 57.278797139485441 ], [ 22.300921674106842, 57.282659124881434 ], [ 22.309717810307713, 57.289857898405543 ], [ 22.298989865746677, 57.320963385702598 ], [ 22.279471104117889, 57.324771168142838 ], [ 22.289554472519001, 57.34877988218652 ], [ 22.276783910805392, 57.382417380300588 ], [ 22.284093188133323, 57.384391115297447 ], [ 22.257870509738499, 57.384582095243168 ], [ 22.246832412614417, 57.407564650394896 ], [ 22.192867845140547, 57.395428073002435 ], [ 22.132509484884714, 57.402482496727984 ], [ 22.076572556892291, 57.424529740575437 ], [ 22.129498626228482, 57.432170188622955 ], [ 22.177157564764709, 57.450039576251847 ], [ 22.188089076421235, 57.459903512830152 ], [ 22.172447623370818, 57.462212861651594 ], [ 22.165506100428132, 57.475756273441114 ], [ 22.192507054250076, 57.473160551359641 ] ] ] } },
{ "type": "Feature", "properties": { "VEIDS": "novads", "NOSAUKUMS": "Tukuma novads", "LABEL": "Tukuma nov.", "PLAT_KVKM": 2450.11 }, "geometry": { "type": "Polygon", "coordinates": [ [ [ 23.375892568675507, 57.043748679497966 ], [ 23.487547167989103, 57.034651080033996 ], [ 23.524774296868078, 56.994984229246391 ], [ 23.552878087069718, 56.979866050241881 ], [ 23.480551533812047, 56.964768772534256 ], [ 23.482634322073057, 56.949802385927228 ], [ 23.47339237121804, 56.946459292775565 ], [ 23.481217456067011, 56.932972359403927 ], [ 23.474233956199793, 56.927299507262241 ], [ 23.494324694891915, 56.931907107208126 ], [ 23.506192117576916, 56.892526858327095 ], [ 23.467407560682172, 56.884927732134543 ], [ 23.489360247556693, 56.81381336859473 ], [ 23.461080878973917, 56.799210425668576 ], [ 23.393537521109685, 56.792631604624191 ], [ 23.382664971926186, 56.808857879736379 ], [ 23.373952261875591, 56.807218791260752 ], [ 23.332596579454659, 56.779545394665625 ], [ 23.307376813717216, 56.774259215128446 ], [ 23.347865951208924, 56.75234213495186 ], [ 23.327508864995156, 56.731556522598439 ], [ 23.275339397502176, 56.707263772820518 ], [ 23.244047403471345, 56.720225579097232 ], [ 23.199266630499949, 56.722242608207416 ], [ 23.183939946402081, 56.708138147266077 ], [ 23.192372094067043, 56.69722611381065 ], [ 23.176370204896052, 56.691290244871077 ], [ 23.130647739038331, 56.700059419267447 ], [ 23.113432917609494, 56.695458330928361 ], [ 23.115276777557476, 56.688729664754376 ], [ 23.031668742293384, 56.693388247454145 ], [ 23.01897800442616, 56.714545400175368 ], [ 22.990947361294999, 56.717946836795562 ], [ 22.985650707660795, 56.712169606947974 ], [ 22.875129208575629, 56.712101215856059 ], [ 22.86977260353423, 56.699515975443198 ], [ 22.853788775760695, 56.705064322245093 ], [ 22.847306604688601, 56.69229727817676 ], [ 22.820532075268229, 56.693411682653306 ], [ 22.825381637849368, 56.708496502558688 ], [ 22.809449206643976, 56.714696894501124 ], [ 22.836811269447303, 56.716879472532426 ], [ 22.820499839531934, 56.750180704403149 ], [ 22.82670165353818, 56.755250430733412 ], [ 22.825506397441377, 56.77384882679641 ], [ 22.784116469502159, 56.799258028165866 ], [ 22.791645081877899, 56.803032187306854 ], [ 22.788616033824244, 56.808147565685417 ], [ 22.778008749098397, 56.802519149559643 ], [ 22.760294918860708, 56.809841199670295 ], [ 22.713500159884269, 56.796721756188582 ], [ 22.681972066930012, 56.813290092730227 ], [ 22.640881926139233, 56.808794723844983 ], [ 22.645299591418151, 56.819199252347275 ], [ 22.609568787383253, 56.823099614557592 ], [ 22.602096776826464, 56.839745106542011 ], [ 22.520356577718513, 56.84200323512237 ], [ 22.494176103625026, 56.854342657931632 ], [ 22.512963315216584, 56.874730684453318 ], [ 22.5231061061004, 56.87336433509973 ], [ 22.514083805067408, 56.885548001128441 ], [ 22.529127058319364, 56.885020216843436 ], [ 22.522864848112025, 56.900733427397313 ], [ 22.514976731756221, 56.894541855088463 ], [ 22.509816872731527, 56.901856294725476 ], [ 22.525218817007996, 56.911500755244681 ], [ 22.535171204705499, 56.909059415359643 ], [ 22.538386554682599, 56.916472766343439 ], [ 22.480422757008924, 56.9234036362555 ], [ 22.45536920643832, 56.91779002600785 ], [ 22.453252589659591, 56.929781309377873 ], [ 22.442702618359213, 56.931985763751925 ], [ 22.446402279487355, 56.942654513264614 ], [ 22.464276014236574, 56.945901673646034 ], [ 22.458248496839666, 56.954711050470941 ], [ 22.466461864230833, 56.979767413945915 ], [ 22.483024728092971, 56.979207784201421 ], [ 22.504018957429039, 57.018543352224903 ], [ 22.548638885141109, 57.003840572324677 ], [ 22.57622828801389, 57.012815095112053 ], [ 22.561888124015979, 57.015443121378809 ], [ 22.562790248212131, 57.022573462052037 ], [ 22.583202168453656, 57.020864034959658 ], [ 22.593737094020867, 57.027665823767784 ], [ 22.608599337112615, 57.01910502681099 ], [ 22.6427548070873, 57.016614997858085 ], [ 22.655226939890682, 57.042966328989493 ], [ 22.645579260602219, 57.043398032636006 ], [ 22.648118783640538, 57.055062228740951 ], [ 22.636135550666868, 57.066409563250382 ], [ 22.639120646649197, 57.096997790993051 ], [ 22.708735902298919, 57.101859016281971 ], [ 22.733631728088241, 57.112693881021954 ], [ 22.768348431830631, 57.111359055396392 ], [ 22.772731555414538, 57.123090072157353 ], [ 22.798554309397041, 57.130063694102141 ], [ 22.805446341049507, 57.140008650259091 ], [ 22.836796398650684, 57.145523542546627 ], [ 22.928004325989807, 57.130407826760077 ], [ 22.93637303529589, 57.152112055647869 ], [ 22.950415156088766, 57.162143236794797 ], [ 22.944109143145258, 57.17380023220862 ], [ 22.981211797367337, 57.181626423966712 ], [ 22.992598178719145, 57.194668565830696 ], [ 23.048377608196891, 57.205079781007626 ], [ 23.064432908545882, 57.217248932183622 ], [ 23.05954284356163, 57.221333179062896 ], [ 23.091749261379292, 57.230676081348982 ], [ 23.088127653046634, 57.242276167245443 ], [ 23.095434475434271, 57.249197595680045 ], [ 23.121520264399635, 57.252285384357243 ], [ 23.10214242017409, 57.302594726298629 ], [ 23.117522756794539, 57.31308121250094 ], [ 23.146997735854793, 57.316230387280989 ], [ 23.161322449854119, 57.301941865106585 ], [ 23.168086031079834, 57.27442423002929 ], [ 23.180635162388246, 57.261849383523945 ], [ 23.178378892157408, 57.234192963774134 ], [ 23.238539343663035, 57.164049618973294 ], [ 23.231052752623995, 57.158402570494637 ], [ 23.229884280670447, 57.139732788391619 ], [ 23.239145096431749, 57.106642553513659 ], [ 23.303159013365221, 57.064994753304632 ], [ 23.375892568675507, 57.043748679497966 ] ] ] } },
{ "type": "Feature", "properties": { "VEIDS": "novads", "NOSAUKUMS": "Dobeles novads", "LABEL": "Dobeles nov.", "PLAT_KVKM": 1629.34 }, "geometry": { "type": "Polygon", "coordinates": [ [ [ 23.41282144469514, 56.493376336666977 ], [ 23.419174142226712, 56.484195197914296 ], [ 23.441385432023864, 56.481471686256803 ], [ 23.417713902256377, 56.466643340225616 ], [ 23.418492898885944, 56.457584071686448 ], [ 23.444725686430349, 56.453255974565238 ], [ 23.435910944535575, 56.445933586521299 ], [ 23.439667233679952, 56.426154542376345 ], [ 23.473349210038503, 56.40460495333609 ], [ 23.441485262554917, 56.382704722411155 ], [ 23.392456633748857, 56.377292917539023 ], [ 23.306443012629767, 56.383053924070296 ], [ 23.282868527025457, 56.371900988432841 ], [ 23.176795304671135, 56.36855592651424 ], [ 23.170362989420692, 56.366568164046541 ], [ 23.181346582259334, 56.358397422844931 ], [ 23.172420570523176, 56.354540896658285 ], [ 23.184109890157746, 56.337416101611652 ], [ 23.093249840150985, 56.304638328218779 ], [ 23.070421711369445, 56.324360813527612 ], [ 23.045231456962046, 56.320037620191968 ], [ 23.026940652727586, 56.331154349220043 ], [ 23.005101738537615, 56.368460086489549 ], [ 23.018895238620733, 56.370615783625354 ], [ 23.002250294032301, 56.406423550619031 ], [ 22.941116006920357, 56.414819127541072 ], [ 22.932344008597621, 56.400803772022115 ], [ 22.896386788101221, 56.400981881171191 ], [ 22.880917593961456, 56.391165727647206 ], [ 22.827953188020452, 56.402132148321371 ], [ 22.78250748130246, 56.421731178370841 ], [ 22.729442260473817, 56.423607889127219 ], [ 22.736290953552434, 56.445954859710568 ], [ 22.73060079895976, 56.45109475339617 ], [ 22.753632587947862, 56.451309257703727 ], [ 22.742365274737462, 56.460674458601524 ], [ 22.755440604694158, 56.47308078684037 ], [ 22.742338346202448, 56.48359893289237 ], [ 22.713876775509934, 56.483219836984333 ], [ 22.710577416022286, 56.49419326229345 ], [ 22.723827509284721, 56.494509843534779 ], [ 22.734100965856122, 56.508882240291896 ], [ 22.722876361888481, 56.521741560821837 ], [ 22.736551072417491, 56.524424127609933 ], [ 22.746739795225153, 56.544998931108346 ], [ 22.735963893686698, 56.54855565692656 ], [ 22.736866877685095, 56.56672320547856 ], [ 22.75864230451598, 56.55650869433471 ], [ 22.788217895552773, 56.563944401730922 ], [ 22.78108035158424, 56.572698337304978 ], [ 22.808722743882146, 56.568602919153328 ], [ 22.791619396868267, 56.575527258716939 ], [ 22.788416966723506, 56.588153545268035 ], [ 22.778416061129196, 56.587668743872648 ], [ 22.775325099273804, 56.589290048816871 ], [ 22.783355679883165, 56.598456359340602 ], [ 22.775548997315177, 56.603777228262111 ], [ 22.777982653422832, 56.611828438851454 ], [ 22.838365351699153, 56.605899817191627 ], [ 22.849490071196907, 56.625808258180598 ], [ 22.845426924121028, 56.636049732294623 ], [ 22.865934744093156, 56.642124277782145 ], [ 22.845124296507748, 56.654183253723836 ], [ 22.833086096205815, 56.680525787721187 ], [ 22.790361364106634, 56.679358679254754 ], [ 22.804743849143978, 56.683465500933558 ], [ 22.80385744001503, 56.694218928479913 ], [ 22.847306604688601, 56.69229727817676 ], [ 22.849259764107519, 56.703209854984827 ], [ 22.86977260353423, 56.699515975443198 ], [ 22.875129208575629, 56.712101215856059 ], [ 22.985650707660795, 56.712169606947974 ], [ 22.990947361294999, 56.717946836795562 ], [ 23.01897800442616, 56.714545400175368 ], [ 23.031668742293384, 56.693388247454145 ], [ 23.063906808582207, 56.696012505204067 ], [ 23.090535213084692, 56.688550076511021 ], [ 23.100798587123883, 56.69383427873715 ], [ 23.1165159548753, 56.689000766346638 ], [ 23.113432917609494, 56.695458330928361 ], [ 23.130647739038331, 56.700059419267447 ], [ 23.176370204896052, 56.691290244871077 ], [ 23.190422969391605, 56.695331400362889 ], [ 23.183939946402081, 56.708138147266077 ], [ 23.204852708606989, 56.723471206403616 ], [ 23.244047403471345, 56.720225579097232 ], [ 23.275339397502176, 56.707263772820518 ], [ 23.327508864995156, 56.731556522598439 ], [ 23.347865951208924, 56.75234213495186 ], [ 23.307376813717216, 56.774259215128446 ], [ 23.332596579454659, 56.779545394665625 ], [ 23.373952261875591, 56.807218791260752 ], [ 23.382664971926186, 56.808857879736379 ], [ 23.393537521109685, 56.792631604624191 ], [ 23.461080878973917, 56.799210425668576 ], [ 23.506742667083692, 56.81834770470207 ], [ 23.529570532743563, 56.760121212844339 ], [ 23.519861720710388, 56.748626984449686 ], [ 23.452513014695452, 56.737082303025126 ], [ 23.419200875815655, 56.708259417786913 ], [ 23.43694900589135, 56.697825971403958 ], [ 23.471383008739611, 56.695977068489498 ], [ 23.497786303496582, 56.681577896820279 ], [ 23.466372579112907, 56.680135527698603 ], [ 23.486122061125997, 56.656880512547183 ], [ 23.437996982018085, 56.644580840073488 ], [ 23.436151501744686, 56.622664042940897 ], [ 23.404878308210751, 56.619373484636505 ], [ 23.408613357965429, 56.607447285070933 ], [ 23.402738885411551, 56.603634133798764 ], [ 23.484896366683952, 56.597188993067114 ], [ 23.489207717735187, 56.585664506299338 ], [ 23.429476239676724, 56.579222455172314 ], [ 23.428182962187538, 56.564698712038648 ], [ 23.473813163426136, 56.550681694978465 ], [ 23.458965654846402, 56.536954004809338 ], [ 23.456258632771775, 56.518831810777201 ], [ 23.448969359731777, 56.518271600989195 ], [ 23.458444214428763, 56.507312132148819 ], [ 23.41282144469514, 56.493376336666977 ] ] ] } },
{ "type": "Feature", "properties": { "VEIDS": "novads", "NOSAUKUMS": "Jelgavas novads", "LABEL": "Jelgavas nov.", "PLAT_KVKM": 1604.07 }, "geometry": { "type": "Polygon", "coordinates": [ [ [ 23.41282144469514, 56.493376336666977 ], [ 23.458444214428763, 56.507312132148819 ], [ 23.448969359731777, 56.518271600989195 ], [ 23.456258632771775, 56.518831810777201 ], [ 23.458965654846402, 56.536954004809338 ], [ 23.473813163426136, 56.550681694978465 ], [ 23.428182962187538, 56.564698712038648 ], [ 23.429476239676724, 56.579222455172314 ], [ 23.489207717735187, 56.585664506299338 ], [ 23.484896366683952, 56.597188993067114 ], [ 23.402738885411551, 56.603634133798764 ], [ 23.408613357965429, 56.607447285070933 ], [ 23.404878308210751, 56.619373484636505 ], [ 23.436151501744686, 56.622664042940897 ], [ 23.437996982018085, 56.644580840073488 ], [ 23.486122061125997, 56.656880512547183 ], [ 23.466372579112907, 56.680135527698603 ], [ 23.497786303496582, 56.681577896820279 ], [ 23.471383008739611, 56.695977068489498 ], [ 23.43694900589135, 56.697825971403958 ], [ 23.419200875815655, 56.708259417786913 ], [ 23.45233274613064, 56.736995597076678 ], [ 23.519861720710388, 56.748626984449686 ], [ 23.53032137109323, 56.762746692168776 ], [ 23.506742667083692, 56.81834770470207 ], [ 23.489336330853327, 56.813494369133416 ], [ 23.467407560682172, 56.884927732134543 ], [ 23.485712680834759, 56.890472766629969 ], [ 23.594923311341947, 56.893845157956832 ], [ 23.606825063183852, 56.883627489127619 ], [ 23.627231813201696, 56.893346531635729 ], [ 23.645078545591637, 56.877999228223963 ], [ 23.712214301613955, 56.855923167025679 ], [ 23.719332072450189, 56.832201501308035 ], [ 23.727118821791223, 56.832692296412112 ], [ 23.731135348905809, 56.821079396698522 ], [ 23.755166651627572, 56.816167644243407 ], [ 23.758450485858042, 56.806825694861622 ], [ 23.768584090252251, 56.807944997512472 ], [ 23.764743795898976, 56.800818343736402 ], [ 23.773360777607074, 56.801613661825485 ], [ 23.756115075509296, 56.770992107696586 ], [ 23.766091355801475, 56.771241065526425 ], [ 23.755675573730059, 56.745634963837333 ], [ 23.747771209337262, 56.740853646496333 ], [ 23.771506454501324, 56.739337202201334 ], [ 23.801232764884755, 56.723418607956745 ], [ 23.824187476830723, 56.740838332432205 ], [ 23.818683586567506, 56.731310313249892 ], [ 23.83170200908874, 56.736410565289034 ], [ 23.830532631760395, 56.727584894212278 ], [ 23.838174850447633, 56.726129335194791 ], [ 23.842059640033, 56.739166940544173 ], [ 23.868060897437541, 56.74658498007507 ], [ 23.907186970402527, 56.742924144788297 ], [ 23.921797291024077, 56.751768081135587 ], [ 23.933555144403439, 56.726732878916138 ], [ 23.999787219842204, 56.73122793725512 ], [ 23.998282192461758, 56.72165803108939 ], [ 24.014651272807559, 56.712067211633695 ], [ 24.006928387976274, 56.704417810152471 ], [ 24.011942648989972, 56.698258673965981 ], [ 24.042569844669451, 56.69029763677716 ], [ 24.051619617758345, 56.65784845738996 ], [ 24.022031889373412, 56.65563706645635 ], [ 24.013847703464226, 56.659955669675448 ], [ 24.02420759001156, 56.664101567518756 ], [ 24.003933918211487, 56.670998938392373 ], [ 24.00265085189659, 56.651238107291732 ], [ 24.065525582647613, 56.641126531161298 ], [ 24.048870384607671, 56.636881627163774 ], [ 24.045745139235933, 56.628431141085841 ], [ 24.072192881480419, 56.62462107883627 ], [ 24.071324403894934, 56.609442153203744 ], [ 24.038410281824074, 56.609137902435471 ], [ 24.0487903397899, 56.604705061021349 ], [ 24.042701769764577, 56.598622301163154 ], [ 24.01967983913168, 56.604863113193254 ], [ 24.032016652327922, 56.606439633946344 ], [ 24.032597927340856, 56.613836872290427 ], [ 24.009194002506206, 56.611903814359671 ], [ 24.020151732141105, 56.600690029623216 ], [ 24.014864767286891, 56.59754585513123 ], [ 24.042966635856278, 56.592779021284578 ], [ 24.046986457868968, 56.579938298083341 ], [ 24.116558530354737, 56.584750442092925 ], [ 24.122966028650861, 56.575243976728778 ], [ 24.100504244343963, 56.560931079839143 ], [ 24.102246698638325, 56.55009931577527 ], [ 24.074784090051516, 56.542659284122053 ], [ 24.081244047439718, 56.531090194805138 ], [ 24.059914607580112, 56.521448349751381 ], [ 24.054058296272675, 56.507322149616556 ], [ 24.018215219438421, 56.503112126737072 ], [ 24.01759183098558, 56.497330084339119 ], [ 23.990072257421634, 56.499005600193954 ], [ 23.991755500275755, 56.50562938678631 ], [ 23.957233908148005, 56.504024296557006 ], [ 23.949604304281138, 56.490516842935477 ], [ 23.956414533017043, 56.488410344337687 ], [ 23.925357168078691, 56.48392541166065 ], [ 23.927328944460619, 56.473956447422353 ], [ 23.885353899579229, 56.462608063468231 ], [ 23.873062670473672, 56.470725128560296 ], [ 23.862328996733368, 56.447454047061228 ], [ 23.840376603976779, 56.442478906743105 ], [ 23.837450717751903, 56.425891270267066 ], [ 23.858522376555864, 56.424259301798728 ], [ 23.846381794915743, 56.415466040180675 ], [ 23.847442999746466, 56.399862080851861 ], [ 23.835226960067082, 56.401277720564124 ], [ 23.827934020823211, 56.387835789018403 ], [ 23.883574088158888, 56.387598849373269 ], [ 23.868715249797802, 56.374948472948319 ], [ 23.868254250100243, 56.340205882880838 ], [ 23.803619821623876, 56.342208981948289 ], [ 23.781477488510671, 56.320517978442638 ], [ 23.766567557807122, 56.323789597738106 ], [ 23.762173542000209, 56.333285395017697 ], [ 23.780262263701609, 56.360657036687037 ], [ 23.780518049332173, 56.367702233420992 ], [ 23.76479525615693, 56.373323821221732 ], [ 23.63007677401702, 56.35993408929901 ], [ 23.544935780506851, 56.332099954125006 ], [ 23.438929281146756, 56.351787335218567 ], [ 23.418478820090691, 56.370498767653814 ], [ 23.392544653943247, 56.37935988474478 ], [ 23.441485262554917, 56.382704722411155 ], [ 23.473349210038503, 56.40460495333609 ], [ 23.439667233679952, 56.426154542376345 ], [ 23.435910944535575, 56.445933586521299 ], [ 23.444725686430349, 56.453255974565238 ], [ 23.418492898885944, 56.457584071686448 ], [ 23.417713902256377, 56.466643340225616 ], [ 23.441385432023864, 56.481471686256803 ], [ 23.419174142226712, 56.484195197914296 ], [ 23.41282144469514, 56.493376336666977 ] ], [ [ 23.729306479763355, 56.691696631109792 ], [ 23.698171627979605, 56.687101666272035 ], [ 23.703907726953481, 56.683140508746455 ], [ 23.686310783500829, 56.675517922554455 ], [ 23.64265073996232, 56.67552128770658 ], [ 23.632971279310635, 56.681999716184642 ], [ 23.623654085453147, 56.674345587244346 ], [ 23.640278316755072, 56.650919885919912 ], [ 23.672631003301753, 56.645203859716595 ], [ 23.684997111744231, 56.628151980131406 ], [ 23.687946603614368, 56.619396394660377 ], [ 23.678788836984552, 56.615165123520079 ], [ 23.675101714814549, 56.601197653920593 ], [ 23.71640645388641, 56.597579126157854 ], [ 23.724198958210188, 56.617899879882536 ], [ 23.738926066224369, 56.619832864886654 ], [ 23.737893251435864, 56.626176494875686 ], [ 23.778092345164676, 56.626141743429358 ], [ 23.780144060107503, 56.635765792315652 ], [ 23.760813565421667, 56.643198998923644 ], [ 23.799571462711036, 56.656136008182706 ], [ 23.780783343150137, 56.664871941063147 ], [ 23.787724805768796, 56.682241278310869 ], [ 23.731771124918538, 56.684942640359573 ], [ 23.729306479763355, 56.691696631109792 ] ] ] } },
{ "type": "Feature", "properties": { "VEIDS": "novads", "NOSAUKUMS": "Mārupes novads", "LABEL": "Mārupes nov.", "PLAT_KVKM": 347.27 }, "geometry": { "type": "Polygon", "coordinates": [ [ [ 23.916728210203068, 56.964340989301384 ], [ 23.965041641104822, 56.985778806871437 ], [ 24.009864554813813, 56.987541480363802 ], [ 23.988632061049476, 56.981055410689052 ], [ 24.011784795330765, 56.971679584068475 ], [ 23.9610563318525, 56.958733532399897 ], [ 23.970362382580259, 56.953339115252255 ], [ 23.945543433840779, 56.944077530743691 ], [ 23.997357316680759, 56.927378009979343 ], [ 24.039721598409425, 56.926619262909014 ], [ 24.045379516655895, 56.912577508355291 ], [ 24.076949501732145, 56.909030850923685 ], [ 24.082074225010615, 56.905184342265109 ], [ 24.070541712166733, 56.879024344341794 ], [ 24.057502207998507, 56.876806328202214 ], [ 24.044026137381923, 56.856971413232976 ], [ 24.014695793997184, 56.84890859919539 ], [ 23.975483837727438, 56.858013224385758 ], [ 23.959228211580673, 56.848580212764624 ], [ 23.944264064193664, 56.855207234929829 ], [ 23.915234954725893, 56.8438936769763 ], [ 23.888971090850578, 56.84423919311255 ], [ 23.833599067903712, 56.80598254530107 ], [ 23.79345119171639, 56.822731286473967 ], [ 23.779335610070824, 56.82128263994916 ], [ 23.787334616311185, 56.809346675532375 ], [ 23.764743795898976, 56.800818343736402 ], [ 23.768584090252251, 56.807944997512472 ], [ 23.758450485858042, 56.806825694861622 ], [ 23.755166651627572, 56.816167644243407 ], [ 23.742595539059675, 56.815006327347213 ], [ 23.742246322572356, 56.821542228676854 ], [ 23.731135348905809, 56.821079396698522 ], [ 23.727118821791223, 56.832692296412112 ], [ 23.719332072450189, 56.832201501308035 ], [ 23.712214301613955, 56.855923167025679 ], [ 23.645078545591637, 56.877999228223963 ], [ 23.627231813201696, 56.893346531635729 ], [ 23.606825063183852, 56.883627489127619 ], [ 23.59703121802195, 56.88651031009001 ], [ 23.597190484942555, 56.893714729379852 ], [ 23.506192117576916, 56.892526858327095 ], [ 23.49423126326133, 56.932244813955471 ], [ 23.605517249287153, 56.924841683573042 ], [ 23.627550969818145, 56.942032106634038 ], [ 23.649758580870049, 56.931401602880179 ], [ 23.684974681429477, 56.932180711028586 ], [ 23.697269419676502, 56.940606372126929 ], [ 23.777434173793043, 56.94864973998645 ], [ 23.786176300787719, 56.95508165761288 ], [ 23.776539054602956, 56.962398142880211 ], [ 23.781696961000208, 56.970323897627175 ], [ 23.803622226827567, 56.967907960564482 ], [ 23.817818705777441, 56.95229245546178 ], [ 23.890999504006, 56.968694471893755 ], [ 23.916728210203068, 56.964340989301384 ] ] ] } },
{ "type": "Feature", "properties": { "VEIDS": "novads", "NOSAUKUMS": "Bauskas novads", "LABEL": "Bauskas nov.", "PLAT_KVKM": 2174.92 }, "geometry": { "type": "Polygon", "coordinates": [ [ [ 24.052705259842494, 56.507531676757459 ], [ 24.059914607580112, 56.521448349751381 ], [ 24.081244047439718, 56.531090194805138 ], [ 24.074784090051516, 56.542659284122053 ], [ 24.102246698638325, 56.55009931577527 ], [ 24.100504244343963, 56.560931079839143 ], [ 24.122966028650861, 56.575243976728778 ], [ 24.116558530354737, 56.584750442092925 ], [ 24.046986457868968, 56.579938298083341 ], [ 24.042966635856278, 56.592779021284578 ], [ 24.014864767286891, 56.59754585513123 ], [ 24.020151732141105, 56.600690029623216 ], [ 24.009194002506206, 56.611903814359671 ], [ 24.017167026791117, 56.613836795366907 ], [ 24.033906578900925, 56.613298324107362 ], [ 24.01967983913168, 56.604863113193254 ], [ 24.040439818096484, 56.598535884470074 ], [ 24.049138257904037, 56.603247394642509 ], [ 24.038410281824074, 56.609137902435471 ], [ 24.071324403894934, 56.609442153203744 ], [ 24.071402849148747, 56.625243139959366 ], [ 24.045745139235933, 56.628431141085841 ], [ 24.048870384607671, 56.636881627163774 ], [ 24.065525582647613, 56.641126531161298 ], [ 24.00265085189659, 56.651238107291732 ], [ 24.003933918211487, 56.670998938392373 ], [ 24.02420759001156, 56.664101567518756 ], [ 24.013847703464226, 56.659955669675448 ], [ 24.022031889373412, 56.65563706645635 ], [ 24.051619617758345, 56.65784845738996 ], [ 24.043244115975401, 56.69612572292062 ], [ 24.052673303889971, 56.691139010857185 ], [ 24.064942179158827, 56.697534227558599 ], [ 24.070240370245727, 56.688523295846871 ], [ 24.07342456213712, 56.69434415692195 ], [ 24.086006485660143, 56.685069961684164 ], [ 24.107336010685547, 56.693355339335973 ], [ 24.114969989932604, 56.67178072871684 ], [ 24.145038037304381, 56.667477535030521 ], [ 24.150115142629168, 56.675831109126129 ], [ 24.161178149667286, 56.663942672956487 ], [ 24.162827225622951, 56.672232493110542 ], [ 24.184904995812587, 56.674267325618999 ], [ 24.165405471410491, 56.684049637164954 ], [ 24.177828825286301, 56.683415657188803 ], [ 24.181778896650005, 56.697531007809211 ], [ 24.18945607422048, 56.696108040433032 ], [ 24.187066438069738, 56.687853097859247 ], [ 24.232329134016631, 56.690307552159354 ], [ 24.256351624540937, 56.701434317693909 ], [ 24.247820250284551, 56.712680826699646 ], [ 24.264043332114937, 56.701344310035154 ], [ 24.259827614338541, 56.694449607199275 ], [ 24.268759038472279, 56.683287447023595 ], [ 24.302775301735409, 56.682547726604597 ], [ 24.358818832680996, 56.659512409354015 ], [ 24.383881664286804, 56.665178375896438 ], [ 24.370214168725088, 56.668230218635912 ], [ 24.380444887127933, 56.67595762860882 ], [ 24.436881741345811, 56.681502687573833 ], [ 24.495395325294218, 56.716609952761608 ], [ 24.528681675812528, 56.718082920099036 ], [ 24.529900306232989, 56.709618520388588 ], [ 24.634258415509379, 56.714139779707985 ], [ 24.639817161248878, 56.675859720568432 ], [ 24.578974141302496, 56.672990187556309 ], [ 24.58223141873313, 56.651261893788757 ], [ 24.598730692735227, 56.616093997798025 ], [ 24.618051244049031, 56.602995921871063 ], [ 24.663465087687751, 56.603157278463243 ], [ 24.670363541757968, 56.598826736065902 ], [ 24.656359564940121, 56.589231342173235 ], [ 24.678059084347638, 56.592331764253579 ], [ 24.700243407679977, 56.580942516241123 ], [ 24.685695867424656, 56.572547566297523 ], [ 24.665744516291152, 56.574993060046559 ], [ 24.647376399472737, 56.560524545743739 ], [ 24.661186087490556, 56.557834077565268 ], [ 24.665825054534885, 56.540790364556706 ], [ 24.698618890907593, 56.549816002490388 ], [ 24.745633235146833, 56.543019709909579 ], [ 24.831400619724935, 56.570032170386249 ], [ 24.969761777405218, 56.58295768448734 ], [ 24.981408145870798, 56.552282219897172 ], [ 25.018149853543044, 56.549032702978892 ], [ 25.035733026292629, 56.502316807035371 ], [ 24.934735410394211, 56.490735910037031 ], [ 24.938259940582864, 56.481709061519368 ], [ 24.923540890646095, 56.481599170307788 ], [ 24.926548314517319, 56.466341549757225 ], [ 24.891750148921577, 56.460248411250326 ], [ 24.902446066048714, 56.447197347997147 ], [ 24.873213430577088, 56.449854175770504 ], [ 24.851285981265033, 56.436108526777794 ], [ 24.861773764250678, 56.415821521410912 ], [ 24.824530127273977, 56.410633938482334 ], [ 24.822110740772352, 56.418072495059953 ], [ 24.806456584479168, 56.421890934499416 ], [ 24.799437930934459, 56.418098417434251 ], [ 24.803497452396396, 56.411738560895628 ], [ 24.775555054058049, 56.399530820377279 ], [ 24.701215532980566, 56.40366986828915 ], [ 24.70459109569963, 56.387464905513276 ], [ 24.687731774702996, 56.376343644260515 ], [ 24.62910938486413, 56.375795022068246 ], [ 24.624654853174881, 56.347017839883577 ], [ 24.576733859906888, 56.323150136152471 ], [ 24.583277073476363, 56.305588142800694 ], [ 24.579530880103778, 56.288296988318606 ], [ 24.519241257464344, 56.281263525716028 ], [ 24.461744545216622, 56.26633433859466 ], [ 24.454149648048659, 56.258157902585786 ], [ 24.423115167199544, 56.261083819092761 ], [ 24.39201774419362, 56.278417129988192 ], [ 24.357751976528647, 56.272381344639271 ], [ 24.340638800508145, 56.295630667389325 ], [ 24.285747503698399, 56.300657236158273 ], [ 24.290132802507625, 56.285601875302675 ], [ 24.201045397987297, 56.267060022807613 ], [ 24.176793315590519, 56.250884981010742 ], [ 24.121454282903748, 56.248903137554166 ], [ 24.114573476031033, 56.250916872905684 ], [ 24.118899335388939, 56.261757056534201 ], [ 24.096223546615111, 56.271061174321964 ], [ 24.097835167736079, 56.277284830146534 ], [ 24.046005525176898, 56.279660821916174 ], [ 24.049239482078153, 56.299340892801723 ], [ 24.022631464879048, 56.310708073275137 ], [ 24.018972321470461, 56.329779415088851 ], [ 23.865582720786353, 56.338442105551948 ], [ 23.868715249797802, 56.374948472948319 ], [ 23.883574088158888, 56.387598849373269 ], [ 23.82801949366862, 56.386174459266094 ], [ 23.835226960067082, 56.401277720564124 ], [ 23.847442999746466, 56.399862080851861 ], [ 23.846381794915743, 56.415466040180675 ], [ 23.858522376555864, 56.424259301798728 ], [ 23.837450717751903, 56.425891270267066 ], [ 23.840376603976779, 56.442478906743105 ], [ 23.862328996733368, 56.447454047061228 ], [ 23.873062670473672, 56.470725128560296 ], [ 23.885353899579229, 56.462608063468231 ], [ 23.927328944460619, 56.473956447422353 ], [ 23.925357168078691, 56.48392541166065 ], [ 23.956414533017043, 56.488410344337687 ], [ 23.949604304281138, 56.490516842935477 ], [ 23.957233908148005, 56.504024296557006 ], [ 23.991755500275755, 56.50562938678631 ], [ 23.990072257421634, 56.499005600193954 ], [ 24.01759183098558, 56.497330084339119 ], [ 24.018215219438421, 56.503112126737072 ], [ 24.052705259842494, 56.507531676757459 ] ] ] } },
{ "type": "Feature", "properties": { "VEIDS": "novads", "NOSAUKUMS": "Ogres novads", "LABEL": "Ogres nov.", "PLAT_KVKM": 1839.41 }, "geometry": { "type": "Polygon", "coordinates": [ [ [ 24.514495575813502, 56.876296995467854 ], [ 24.510489359921973, 56.881827581443098 ], [ 24.517877838745061, 56.886248778012828 ], [ 24.50079378790474, 56.892453260099664 ], [ 24.498106321812173, 56.903782296091968 ], [ 24.516035655677783, 56.899311454598291 ], [ 24.564479039697158, 56.906860711822219 ], [ 24.577020195629288, 56.890957889038859 ], [ 24.609932802435853, 56.889055368929355 ], [ 24.730992870759685, 56.90022117945631 ], [ 24.727929213567219, 56.911087589360775 ], [ 24.760347444483898, 56.911507402741208 ], [ 24.814393757498916, 56.938090564033985 ], [ 24.895795968093587, 56.922896468966648 ], [ 24.899922260224319, 56.930182640511568 ], [ 24.940136993472262, 56.935853910167516 ], [ 24.95632409817264, 56.947557357474864 ], [ 24.992999569440183, 56.929463042235746 ], [ 25.012369389034813, 56.945591655080534 ], [ 25.054015465967439, 56.932995750637232 ], [ 25.070911416462287, 56.942635599023994 ], [ 25.113374068193661, 56.94646711867945 ], [ 25.125596523194169, 56.940573046284769 ], [ 25.146239836478113, 56.949642447735506 ], [ 25.256177699057492, 56.926080350276564 ], [ 25.258969901392533, 56.936092295529015 ], [ 25.244860563696484, 56.938934827534517 ], [ 25.262227955888356, 56.948155830486918 ], [ 25.253463399971753, 56.952533192325589 ], [ 25.282089297753735, 56.957592083899279 ], [ 25.277582640466882, 56.964522090412352 ], [ 25.283092247502033, 56.968611340532753 ], [ 25.320284218590206, 56.981961593055907 ], [ 25.349294851974943, 56.979948047086395 ], [ 25.373137693510483, 56.95393012347958 ], [ 25.372757596843108, 56.941131625269996 ], [ 25.397519318121628, 56.932520472617107 ], [ 25.415225538701723, 56.934806184420694 ], [ 25.439246119858993, 56.952858162478982 ], [ 25.430933643125066, 56.955985616063458 ], [ 25.434557811155123, 56.959930589271842 ], [ 25.464647352879563, 56.971866319924445 ], [ 25.434298260480464, 56.98589687813157 ], [ 25.470180209182342, 56.986387142040293 ], [ 25.469882997272109, 56.997256443135498 ], [ 25.490847816723608, 56.997521668125827 ], [ 25.480116342435622, 56.981519601130096 ], [ 25.508479166241003, 56.983810182810799 ], [ 25.519493144785688, 56.970617064819628 ], [ 25.510021477306985, 56.959686023428063 ], [ 25.519334331194713, 56.957627347802742 ], [ 25.519853822417012, 56.941434558206623 ], [ 25.539147998403873, 56.931095913776133 ], [ 25.537039813937707, 56.917963135414595 ], [ 25.51476978391797, 56.906950732757821 ], [ 25.510399289962823, 56.89385734992738 ], [ 25.535282046606881, 56.886723353248144 ], [ 25.535701280718275, 56.878547316364497 ], [ 25.550480363775321, 56.871033880001768 ], [ 25.529239672082596, 56.87429797504447 ], [ 25.523781863606114, 56.867750813529078 ], [ 25.506030185423441, 56.871077171922465 ], [ 25.482843670225876, 56.86378136455842 ], [ 25.489168258796937, 56.852853353959695 ], [ 25.479693404310755, 56.852194399412809 ], [ 25.508591894983937, 56.844716064557154 ], [ 25.499411830214925, 56.835774692563376 ], [ 25.507715386687657, 56.816910706801984 ], [ 25.44998205881118, 56.776707098736125 ], [ 25.412777455009316, 56.774563882481722 ], [ 25.386873940101012, 56.755832253436964 ], [ 25.358401405350708, 56.764287160794133 ], [ 25.331486591486222, 56.7627915689622 ], [ 25.358158710608539, 56.761129306649082 ], [ 25.362145165866227, 56.75138217470986 ], [ 25.307306812045464, 56.761738664044735 ], [ 25.247100584190306, 56.734556693768745 ], [ 25.293835814926371, 56.726633248728987 ], [ 25.298535387374876, 56.717850135190311 ], [ 25.282300242129921, 56.695318178098212 ], [ 25.242772521107476, 56.696793454854237 ], [ 25.200879602744408, 56.712321014893959 ], [ 25.204168170213041, 56.698784760000898 ], [ 25.153582336756326, 56.705484243539452 ], [ 25.156535424024209, 56.71423283565111 ], [ 25.124915074380525, 56.723244684374009 ], [ 25.104617018256363, 56.738399493794489 ], [ 25.031163086106353, 56.727544858766308 ], [ 25.0432167972515, 56.720956362978697 ], [ 25.035197995125547, 56.716280776490024 ], [ 25.049054347120908, 56.715334911264364 ], [ 25.044861708614054, 56.709684995150376 ], [ 25.067390310786298, 56.706312311609807 ], [ 25.042727449308742, 56.689085389132224 ], [ 25.013767421841411, 56.684978366070119 ], [ 25.022898916192833, 56.67883648059599 ], [ 25.015897068164211, 56.662625013861252 ], [ 25.022343309459135, 56.652918070862945 ], [ 25.014619412472072, 56.653730538555557 ], [ 25.01240541893144, 56.636052874019427 ], [ 25.027082984805606, 56.633086455118885 ], [ 25.037452053627881, 56.617635317512054 ], [ 25.0240279661061, 56.608911678659112 ], [ 25.05158230710202, 56.608798180846357 ], [ 25.048745074718081, 56.592219249618665 ], [ 24.831689496463696, 56.570083211173895 ], [ 24.750852028884815, 56.544001293016848 ], [ 24.698618890907593, 56.549816002490388 ], [ 24.678520734410593, 56.540340871912655 ], [ 24.665825054534885, 56.540790364556706 ], [ 24.661186087490556, 56.557834077565268 ], [ 24.647376399472737, 56.560524545743739 ], [ 24.665744516291152, 56.574993060046559 ], [ 24.685695867424656, 56.572547566297523 ], [ 24.700243407679977, 56.580942516241123 ], [ 24.678059084347638, 56.592331764253579 ], [ 24.656359564940121, 56.589231342173235 ], [ 24.670363541757968, 56.598826736065902 ], [ 24.663465087687751, 56.603157278463243 ], [ 24.618051244049031, 56.602995921871063 ], [ 24.598730692735227, 56.616093997798025 ], [ 24.58223141873313, 56.651261893788757 ], [ 24.578974141302496, 56.672990187556309 ], [ 24.639817161248878, 56.675859720568432 ], [ 24.634258415509379, 56.714139779707985 ], [ 24.529900306232989, 56.709618520388588 ], [ 24.52607612825301, 56.733737190692111 ], [ 24.530389743281749, 56.755952095082854 ], [ 24.543499672235381, 56.769754986668218 ], [ 24.535618971479042, 56.777201715572168 ], [ 24.544000701020813, 56.793440134639248 ], [ 24.52577162833736, 56.796469336005458 ], [ 24.521878165219388, 56.807473072588728 ], [ 24.505313687893878, 56.808120545686393 ], [ 24.477250806308508, 56.822003296456842 ], [ 24.470553233316437, 56.833674506506718 ], [ 24.442329133515809, 56.842316795935979 ], [ 24.438995299241331, 56.854190410512331 ], [ 24.456322836764546, 56.87010656462347 ], [ 24.432586722656961, 56.891692434076141 ], [ 24.484672171038, 56.888412997759836 ], [ 24.495214374330889, 56.884409177514073 ], [ 24.496373225137916, 56.87679817849606 ], [ 24.486338039945995, 56.879407448908673 ], [ 24.493360487915098, 56.872680984164823 ], [ 24.514495575813502, 56.876296995467854 ] ] ] } },
{ "type": "Feature", "properties": { "VEIDS": "novads", "NOSAUKUMS": "Aizkraukles novads", "LABEL": "Aizkraukles nov.", "PLAT_KVKM": 2274.24 }, "geometry": { "type": "Polygon", "coordinates": [ [ [ 25.204168170213041, 56.698784760000898 ], [ 25.200610191818171, 56.712334446364004 ], [ 25.242772521107476, 56.696793454854237 ], [ 25.282300242129921, 56.695318178098212 ], [ 25.298535387374876, 56.717850135190311 ], [ 25.293835814926371, 56.726633248728987 ], [ 25.247100584190306, 56.734556693768745 ], [ 25.307306812045464, 56.761738664044735 ], [ 25.364970200516908, 56.752392193559302 ], [ 25.358158710608539, 56.761129306649082 ], [ 25.331486591486222, 56.7627915689622 ], [ 25.35557230801253, 56.764544372637431 ], [ 25.386873940101012, 56.755832253436964 ], [ 25.412777455009316, 56.774563882481722 ], [ 25.44998205881118, 56.776707098736125 ], [ 25.50619927861786, 56.815296574198207 ], [ 25.553282456923569, 56.800436247782379 ], [ 25.587919857910776, 56.809131276511067 ], [ 25.6218439356518, 56.804401364774449 ], [ 25.649134381080508, 56.787140508096549 ], [ 25.673416231685955, 56.78770075576719 ], [ 25.672322401955913, 56.775557046954439 ], [ 25.684428377652992, 56.769776702372035 ], [ 25.736665660738915, 56.775361795948456 ], [ 25.740269763290396, 56.780396178618709 ], [ 25.731229731440951, 56.790892512334949 ], [ 25.753918644846429, 56.809490317439604 ], [ 25.736456986490609, 56.82094096352737 ], [ 25.765215243262951, 56.829360051801267 ], [ 25.807643988446031, 56.796578712730337 ], [ 25.839833090789359, 56.790506304500184 ], [ 25.850435710442348, 56.764173098226784 ], [ 25.817418008758295, 56.743330821516736 ], [ 25.832843667833433, 56.733283181741399 ], [ 25.829424160027099, 56.716412455277535 ], [ 25.836147961675806, 56.709547558694304 ], [ 25.886323929777816, 56.694006228825785 ], [ 25.915163676891556, 56.697699263802619 ], [ 25.94846960671568, 56.681080723802395 ], [ 25.930396165767256, 56.666943470896349 ], [ 25.910774005428049, 56.666457233911864 ], [ 25.912292179587386, 56.655459578005839 ], [ 25.933301369970991, 56.652784270276307 ], [ 25.930746212794883, 56.637343519743958 ], [ 25.839438420474753, 56.611381940670718 ], [ 25.788259017629215, 56.607176997235158 ], [ 25.725737399337508, 56.614264190346184 ], [ 25.635804585497237, 56.584976479069717 ], [ 25.556967025326596, 56.571686889467536 ], [ 25.559859474390844, 56.566377703143544 ], [ 25.60726175896454, 56.571252149216519 ], [ 25.609625905539684, 56.558097390461569 ], [ 25.593407783256939, 56.540261826226768 ], [ 25.561218251951612, 56.538069083521577 ], [ 25.561762065325045, 56.521755012764004 ], [ 25.553001634144405, 56.51737675975825 ], [ 25.55064318036781, 56.503543855153474 ], [ 25.594628535781865, 56.484497257145854 ], [ 25.597270646690546, 56.470297857833913 ], [ 25.556571156613895, 56.444883267455225 ], [ 25.519388852873977, 56.452467225254246 ], [ 25.495103877479146, 56.423340501158435 ], [ 25.466307366037494, 56.412289170219552 ], [ 25.436416232914588, 56.415684150339935 ], [ 25.394222159602879, 56.406457612256034 ], [ 25.329450202904127, 56.422090121014172 ], [ 25.293298877339229, 56.42080241363135 ], [ 25.293414776054679, 56.407148442040302 ], [ 25.310421696992506, 56.390429707205612 ], [ 25.295748259765769, 56.378362508020821 ], [ 25.294757241895354, 56.363216863423737 ], [ 25.307397952474936, 56.341149241197336 ], [ 25.290131533454133, 56.33248381713026 ], [ 25.357251554301975, 56.337641528807737 ], [ 25.36711800779425, 56.333349982930649 ], [ 25.370131776074018, 56.320398080581498 ], [ 25.317676702604306, 56.315240193933846 ], [ 25.304483762842121, 56.290542903976451 ], [ 25.340396322632916, 56.279085033594384 ], [ 25.334594990665362, 56.271950556705114 ], [ 25.359242066634675, 56.255927244325306 ], [ 25.381128459417624, 56.259898682791437 ], [ 25.390654876930455, 56.244648907469347 ], [ 25.402003711881942, 56.242526397270623 ], [ 25.404260560140671, 56.225560660410395 ], [ 25.382343092481364, 56.213915720995914 ], [ 25.392449137449709, 56.210154602539099 ], [ 25.397758631772341, 56.187727822052999 ], [ 25.416003196076492, 56.168185297432466 ], [ 25.414673271447111, 56.160245977895812 ], [ 25.364224830456166, 56.160318088454005 ], [ 25.365648459102314, 56.154333743540441 ], [ 25.337237920952639, 56.154158931964574 ], [ 25.314882103403669, 56.144911405463127 ], [ 25.27970313315172, 56.158296024862778 ], [ 25.233765427592985, 56.192218975200454 ], [ 25.199846321504033, 56.176250052420436 ], [ 25.166157529450672, 56.173930250665222 ], [ 25.097194101966146, 56.184333258885552 ], [ 25.085294547416261, 56.196975233574555 ], [ 25.076040721799252, 56.195162824290321 ], [ 25.070263628877758, 56.209930735091923 ], [ 25.075120204215107, 56.218408801154155 ], [ 25.062989998359789, 56.226614918913725 ], [ 25.068193111125588, 56.241017629138554 ], [ 25.056743219115038, 56.244758193961019 ], [ 25.063641310567419, 56.249791894011402 ], [ 25.056492808754165, 56.265721269677478 ], [ 25.0190323136068, 56.276964935148428 ], [ 25.015942204661734, 56.291745305851173 ], [ 24.973301454450386, 56.310285766810551 ], [ 24.969499553049136, 56.365288154666175 ], [ 24.942247040638382, 56.375099792374684 ], [ 24.926750869964504, 56.400958107706607 ], [ 24.905607978732437, 56.412749540865732 ], [ 24.902342406352734, 56.420410603620937 ], [ 24.918710835930408, 56.439953261294526 ], [ 24.897730864343604, 56.448852742707423 ], [ 24.891750148921577, 56.460248411250326 ], [ 24.926548314517319, 56.466341549757225 ], [ 24.923540890646095, 56.481599170307788 ], [ 24.938259940582864, 56.481709061519368 ], [ 24.934735410394211, 56.490735910037031 ], [ 25.035733026292629, 56.502316807035371 ], [ 25.018149853543044, 56.549032702978892 ], [ 24.981408145870798, 56.552282219897172 ], [ 24.969761777405218, 56.58295768448734 ], [ 25.0535437418526, 56.597353233179824 ], [ 25.04850150264307, 56.610970037886716 ], [ 25.0240279661061, 56.608911678659112 ], [ 25.037452053627881, 56.617635317512054 ], [ 25.027082984805606, 56.633086455118885 ], [ 25.01240541893144, 56.636052874019427 ], [ 25.014619412472072, 56.653730538555557 ], [ 25.022343309459135, 56.652918070862945 ], [ 25.015897068164211, 56.662625013861252 ], [ 25.022898916192833, 56.67883648059599 ], [ 25.015133136147497, 56.687274814245896 ], [ 25.042727449308742, 56.689085389132224 ], [ 25.067390310786298, 56.706312311609807 ], [ 25.045822445946211, 56.709122483748132 ], [ 25.049054347120908, 56.715334911264364 ], [ 25.035197995125547, 56.716280776490024 ], [ 25.0432167972515, 56.720956362978697 ], [ 25.030827321374851, 56.727290752460036 ], [ 25.104617018256363, 56.738399493794489 ], [ 25.124915074380525, 56.723244684374009 ], [ 25.156535424024209, 56.71423283565111 ], [ 25.153582336756326, 56.705484243539452 ], [ 25.204168170213041, 56.698784760000898 ] ] ] } },
{ "type": "Feature", "properties": { "VEIDS": "novads", "NOSAUKUMS": "Jēkabpils novads", "LABEL": "Jēkabpils nov.", "PLAT_KVKM": 2996.05 }, "geometry": { "type": "Polygon", "coordinates": [ [ [ 26.333444798134089, 56.096426587658321 ], [ 26.31705577832901, 56.099962907976696 ], [ 26.319351815563092, 56.123816013140477 ], [ 26.310268707413851, 56.123638172098616 ], [ 26.325267934281765, 56.142086648865956 ], [ 26.3157822812902, 56.145238460347805 ], [ 26.315091306650615, 56.154882056965761 ], [ 26.273449846897122, 56.158601690106586 ], [ 26.261844441466067, 56.147050962952996 ], [ 26.249686861780877, 56.151332266546184 ], [ 26.256510443671377, 56.157994278910913 ], [ 26.248845554439264, 56.172010672572654 ], [ 26.214806555702161, 56.172269672755419 ], [ 26.136009850882083, 56.130078483084809 ], [ 26.147926235527258, 56.123898593300986 ], [ 26.150964649619581, 56.112241991079316 ], [ 26.137363557493003, 56.097267211635334 ], [ 26.127151512828018, 56.095761668625343 ], [ 26.107539111881422, 56.112513692173579 ], [ 26.091421591922625, 56.099759352285361 ], [ 26.089120326947409, 56.084080500096917 ], [ 26.068967300814109, 56.081599308378486 ], [ 26.062748770803822, 56.069600862194001 ], [ 26.05182419392797, 56.067480312778244 ], [ 26.035434725650816, 56.068912062454224 ], [ 26.026859220421862, 56.081873523072652 ], [ 26.005234056415102, 56.090862124656766 ], [ 25.937890877257491, 56.059157475336505 ], [ 25.931440551201479, 56.075612697407927 ], [ 25.897617177619662, 56.09803735233524 ], [ 25.83425678853909, 56.118930094481613 ], [ 25.841750721698094, 56.10061249440664 ], [ 25.878178180015581, 56.082282871769571 ], [ 25.84023257585752, 56.074545033648661 ], [ 25.846200355814926, 56.065203925645442 ], [ 25.833853737194957, 56.062820097176363 ], [ 25.839341624251105, 56.053982836487883 ], [ 25.820430540471961, 56.05200236237711 ], [ 25.687810606001491, 56.086531451157228 ], [ 25.699244302046363, 56.101119459911942 ], [ 25.693006455128767, 56.103942689009642 ], [ 25.699633385158759, 56.119472580434916 ], [ 25.676416706205661, 56.130065273790429 ], [ 25.684444974490848, 56.143998184842879 ], [ 25.672947119590667, 56.149484561386721 ], [ 25.651007533183325, 56.134936527644193 ], [ 25.6020419978455, 56.134410153443596 ], [ 25.565366672493756, 56.139864858853478 ], [ 25.551302652060247, 56.161990667097605 ], [ 25.536091423544232, 56.165394312766182 ], [ 25.509624599739933, 56.159083604070233 ], [ 25.50473919947423, 56.144542818489178 ], [ 25.480160028074511, 56.142761291894416 ], [ 25.431583514935323, 56.154387430482004 ], [ 25.420752655310874, 56.144980767113537 ], [ 25.402488763293199, 56.148471824438531 ], [ 25.404075089174988, 56.158215920738279 ], [ 25.365648459102314, 56.154333743540441 ], [ 25.364224830456166, 56.160318088454005 ], [ 25.414673271447111, 56.160245977895812 ], [ 25.415549935944668, 56.172570325787447 ], [ 25.399118574910375, 56.185497207188838 ], [ 25.392449137449709, 56.210154602539099 ], [ 25.382343092481364, 56.213915720995914 ], [ 25.404260560140671, 56.225560660410395 ], [ 25.402003711881942, 56.242526397270623 ], [ 25.390654876930455, 56.244648907469347 ], [ 25.381128459417624, 56.259898682791437 ], [ 25.359242066634675, 56.255927244325306 ], [ 25.334594990665362, 56.271950556705114 ], [ 25.340396322632916, 56.279085033594384 ], [ 25.304483762842121, 56.290542903976451 ], [ 25.317676702604306, 56.315240193933846 ], [ 25.370131776074018, 56.320398080581498 ], [ 25.36711800779425, 56.333349982930649 ], [ 25.357251554301975, 56.337641528807737 ], [ 25.290131533454133, 56.33248381713026 ], [ 25.307397952474936, 56.341149241197336 ], [ 25.294757241895354, 56.363216863423737 ], [ 25.295748259765769, 56.378362508020821 ], [ 25.310421696992506, 56.390429707205612 ], [ 25.293414776054679, 56.407148442040302 ], [ 25.293264711109803, 56.420746297941662 ], [ 25.329450202904127, 56.422090121014172 ], [ 25.394222159602879, 56.406457612256034 ], [ 25.481777958248131, 56.415893769110028 ], [ 25.519375102709745, 56.452460951147479 ], [ 25.556571156613895, 56.444883267455225 ], [ 25.597270646690546, 56.470297857833913 ], [ 25.594628535781865, 56.484497257145854 ], [ 25.55064318036781, 56.503543855153474 ], [ 25.553001634144405, 56.51737675975825 ], [ 25.561762065325045, 56.521755012764004 ], [ 25.561218251951612, 56.538069083521577 ], [ 25.597603083044234, 56.542640489421153 ], [ 25.609625905539684, 56.558097390461569 ], [ 25.60726175896454, 56.571252149216519 ], [ 25.559859474390844, 56.566377703143544 ], [ 25.556967025326596, 56.571686889467536 ], [ 25.635804585497237, 56.584976479069717 ], [ 25.725737399337508, 56.614264190346184 ], [ 25.788259017629215, 56.607176997235158 ], [ 25.838951808648911, 56.611265956685315 ], [ 25.929441323242006, 56.636784052372938 ], [ 25.956055891983883, 56.648148645080646 ], [ 25.957736464420677, 56.658426388887236 ], [ 25.982061437255659, 56.665407480575283 ], [ 25.993569240993285, 56.641590529978437 ], [ 26.017069967855903, 56.639171799810555 ], [ 26.021035098953707, 56.634741042700909 ], [ 26.013790402177339, 56.629016841515217 ], [ 26.026317997139916, 56.618349023748202 ], [ 26.135742372830556, 56.657335608300158 ], [ 26.158981699795206, 56.638807993848815 ], [ 26.196042153102081, 56.64760582488082 ], [ 26.212129004947254, 56.632339273342318 ], [ 26.197944443488005, 56.628335302881801 ], [ 26.204581626167577, 56.615294152033854 ], [ 26.218972120797332, 56.604492514780283 ], [ 26.273836210654348, 56.618972603231839 ], [ 26.284097961711403, 56.609922209307165 ], [ 26.274637371143545, 56.603506535067616 ], [ 26.285148482601663, 56.602023857898224 ], [ 26.283072258770101, 56.585260732453378 ], [ 26.347836006966425, 56.604826015443663 ], [ 26.377914930164831, 56.641455961078577 ], [ 26.489126804934561, 56.59970330698139 ], [ 26.59853177551312, 56.592762018170113 ], [ 26.576894553345799, 56.558214829552035 ], [ 26.584340796066567, 56.54615986875887 ], [ 26.6073994734857, 56.557873206844526 ], [ 26.624898993109451, 56.54008893334781 ], [ 26.594913193598185, 56.501923601891384 ], [ 26.600162533349479, 56.493728131243728 ], [ 26.609987348414364, 56.499048746551985 ], [ 26.616463788900639, 56.486635788323447 ], [ 26.549223093679203, 56.484031765569235 ], [ 26.547768601145926, 56.495110762413326 ], [ 26.468764378878411, 56.495044011992768 ], [ 26.439020200136468, 56.475045043341417 ], [ 26.365101428939493, 56.451981051955251 ], [ 26.365387583422667, 56.472893628429894 ], [ 26.312691531704033, 56.501745263941714 ], [ 26.320190873477149, 56.50495638293431 ], [ 26.31879684108906, 56.513092872764759 ], [ 26.263795941643028, 56.521751681730741 ], [ 26.26377453014274, 56.511049866508422 ], [ 26.252844899190098, 56.502871855954723 ], [ 26.2249412783857, 56.502848287336491 ], [ 26.221122090988729, 56.485522461650383 ], [ 26.192418109085143, 56.468368284043017 ], [ 26.195315917217712, 56.462634867245121 ], [ 26.153256987939205, 56.426934452851498 ], [ 26.082055980828116, 56.408388635398175 ], [ 26.152187862433493, 56.380416088723649 ], [ 26.181112975530464, 56.292416078619524 ], [ 26.201957209443776, 56.272462310546715 ], [ 26.17688201666579, 56.236767143837533 ], [ 26.19652295035743, 56.22204465234087 ], [ 26.272560897725754, 56.201785480333541 ], [ 26.281399280654593, 56.186970378851768 ], [ 26.311630407943714, 56.1712619774313 ], [ 26.336887445626026, 56.14180502455622 ], [ 26.333444798134089, 56.096426587658321 ] ] ] } },
{ "type": "Feature", "properties": { "VEIDS": "novads", "NOSAUKUMS": "Ludzas novads", "LABEL": "Ludzas nov.", "PLAT_KVKM": 2411.37 }, "geometry": { "type": "Polygon", "coordinates": [ [ [ 27.498268380942466, 56.479033365228084 ], [ 27.50575063304915, 56.488521789226418 ], [ 27.486161909441844, 56.49808352685023 ], [ 27.500873189629253, 56.511082208186103 ], [ 27.48614359909206, 56.520166983844064 ], [ 27.505376604134547, 56.532546837619073 ], [ 27.486182057081713, 56.53643745256587 ], [ 27.540699083141313, 56.530469213381423 ], [ 27.584539086417717, 56.547253013856235 ], [ 27.574107705291368, 56.555858694264451 ], [ 27.581037601947273, 56.567166472803287 ], [ 27.568479791951823, 56.570046306067312 ], [ 27.558058606073878, 56.599641813995341 ], [ 27.586694750544943, 56.629278326260476 ], [ 27.553727828463106, 56.634539424919403 ], [ 27.554285671285658, 56.645529270510679 ], [ 27.538294809014971, 56.653465609028515 ], [ 27.508522064494009, 56.658816092526529 ], [ 27.491821278774843, 56.648114393965578 ], [ 27.463937691513092, 56.673847797168555 ], [ 27.491347058203903, 56.685114337525413 ], [ 27.480794524020684, 56.68844436624147 ], [ 27.491469560798482, 56.702412860754677 ], [ 27.482885545912374, 56.709064810795248 ], [ 27.489974501240837, 56.712873242984166 ], [ 27.486744692593554, 56.73107333955091 ], [ 27.514875148236264, 56.737534624182182 ], [ 27.519708882055845, 56.749899076710811 ], [ 27.515519439947507, 56.7578702056407 ], [ 27.504289157173272, 56.756626360135925 ], [ 27.504656100521764, 56.77224883838889 ], [ 27.482662967073644, 56.767259908031534 ], [ 27.485894595165746, 56.785199033781687 ], [ 27.388501048404489, 56.77592582095108 ], [ 27.356845259438487, 56.781500291818951 ], [ 27.345042584205672, 56.788991834768808 ], [ 27.346012875123971, 56.803684836188459 ], [ 27.353094031274761, 56.802916654355968 ], [ 27.345867559237959, 56.817315512932716 ], [ 27.377879030095016, 56.827598962119808 ], [ 27.373533996343763, 56.816909377472712 ], [ 27.393601551522483, 56.816731105397494 ], [ 27.407410910554447, 56.823544451666912 ], [ 27.398005911510388, 56.826821754891796 ], [ 27.416086005177068, 56.831682627988293 ], [ 27.380034555727079, 56.831211855337109 ], [ 27.426439953536896, 56.852945791098385 ], [ 27.546552893259584, 56.859013775825375 ], [ 27.534572473868462, 56.869635462297403 ], [ 27.549960344329858, 56.869700073225324 ], [ 27.533773371384239, 56.876537306872521 ], [ 27.568947050890468, 56.876597049493917 ], [ 27.569993788447313, 56.868812551587268 ], [ 27.561290229994835, 56.868102730805226 ], [ 27.57322090371779, 56.856142656924256 ], [ 27.603480215769512, 56.858429374663537 ], [ 27.619041572605838, 56.839231067985651 ], [ 27.642159945232194, 56.832057987071586 ], [ 27.691903296420595, 56.837116592126279 ], [ 27.732628634351009, 56.857206974173131 ], [ 27.819698772141088, 56.866825536962899 ], [ 27.848561072047836, 56.879409842253253 ], [ 27.874045771585347, 56.877412643750972 ], [ 27.870514466177763, 56.867513229222482 ], [ 27.898602504922028, 56.837906657902344 ], [ 27.901667423103152, 56.820563390440761 ], [ 27.965039749932274, 56.83770638033679 ], [ 27.971342544700253, 56.832214215365056 ], [ 27.966020540827312, 56.826861902645092 ], [ 27.976309216634252, 56.824835520387957 ], [ 27.969795423187001, 56.820581962855904 ], [ 27.976511241959887, 56.811621791754483 ], [ 27.943347905550318, 56.801899402755097 ], [ 27.94464913020775, 56.776578375194198 ], [ 27.915052384149394, 56.773261017403605 ], [ 27.900649110306631, 56.759938582570882 ], [ 27.902423773063372, 56.74648626113877 ], [ 27.914068577588971, 56.750424066227254 ], [ 27.917659622242006, 56.733551346528387 ], [ 27.962587837152363, 56.706742075150856 ], [ 27.980513921377355, 56.707095643763033 ], [ 27.978594324441595, 56.688666207525181 ], [ 27.994788053572613, 56.688765319459336 ], [ 28.012508680199847, 56.672489613325823 ], [ 28.011383782815606, 56.636640088196415 ], [ 28.039389271745499, 56.60809895177605 ], [ 28.043007218715385, 56.590412942297675 ], [ 28.055081465474551, 56.584219743980448 ], [ 28.123870540764749, 56.582769543002819 ], [ 28.143573920222575, 56.571818722338016 ], [ 28.13722518067312, 56.56442728277441 ], [ 28.141186757222624, 56.551717931470684 ], [ 28.105469667530997, 56.543077354358154 ], [ 28.092441357356837, 56.529697987127932 ], [ 28.094687067739809, 56.51107100618313 ], [ 28.125559625338386, 56.515711846016004 ], [ 28.137191326661817, 56.508107067730897 ], [ 28.12534314052952, 56.497585304552459 ], [ 28.129483380640934, 56.490612970710295 ], [ 28.192643972302566, 56.448690276813039 ], [ 28.194855066998382, 56.441217190863235 ], [ 28.182508717240921, 56.42800491820298 ], [ 28.194431433104473, 56.405511798171212 ], [ 28.163164105443951, 56.379555275926855 ], [ 28.193958450413977, 56.357948876092365 ], [ 28.206219459515239, 56.32271376780286 ], [ 28.230540659236354, 56.296738264308054 ], [ 28.239672851650543, 56.271301702778935 ], [ 28.218043362844973, 56.248382272079034 ], [ 28.185406311957003, 56.230279097815725 ], [ 28.187612316113654, 56.219428727789904 ], [ 28.204019054756976, 56.214648286903504 ], [ 28.174363884278641, 56.204143219278542 ], [ 28.186539311243035, 56.20030598012054 ], [ 28.175939350631499, 56.186152341795889 ], [ 28.179091538479543, 56.179523463509689 ], [ 28.116001776740308, 56.164135943017136 ], [ 28.095125628321746, 56.150441293439435 ], [ 28.093155566344208, 56.136468685844214 ], [ 28.064377686884924, 56.13663414039501 ], [ 28.061554338796938, 56.148145752525366 ], [ 28.036196855000139, 56.161163618810697 ], [ 28.058462741729723, 56.169095237068312 ], [ 28.054098231559863, 56.172681486660736 ], [ 28.069950833392198, 56.179103015431728 ], [ 28.069242161503496, 56.189609630994461 ], [ 28.095863439127321, 56.206164938855984 ], [ 28.074459771239653, 56.214633705275219 ], [ 28.073059709276567, 56.206575900955841 ], [ 28.055596552450559, 56.20322819426557 ], [ 28.05181112588696, 56.20960908585667 ], [ 28.059279813070127, 56.218164472909088 ], [ 28.047440069254989, 56.212326859495811 ], [ 28.041625566324239, 56.219007554978113 ], [ 28.0239177393088, 56.216104511453345 ], [ 27.981783535069727, 56.196807845618423 ], [ 27.939963029541257, 56.19871463250815 ], [ 27.916225284584581, 56.191090166382104 ], [ 27.915980267623532, 56.182821339203883 ], [ 27.905968991332983, 56.179017872002774 ], [ 27.884818545646773, 56.195915771191345 ], [ 27.848748785471486, 56.177283177980257 ], [ 27.840361099054469, 56.187070533055731 ], [ 27.822121753828004, 56.185949529210482 ], [ 27.819072899536678, 56.19462361715172 ], [ 27.806167820923928, 56.197988112590949 ], [ 27.725109065614003, 56.200133981402573 ], [ 27.698125449715196, 56.225429145919612 ], [ 27.683514751179153, 56.225880035143 ], [ 27.671866446607691, 56.241537750732398 ], [ 27.707649024971776, 56.259329612727093 ], [ 27.689155022661282, 56.261441140844234 ], [ 27.681153437577464, 56.277205110252801 ], [ 27.701388131937918, 56.297382256441168 ], [ 27.712177812812627, 56.29541316552713 ], [ 27.723128596678187, 56.30606688993209 ], [ 27.684704748425879, 56.332193726675925 ], [ 27.685833503148487, 56.357004239346622 ], [ 27.696346387240151, 56.363023477782477 ], [ 27.687947289255799, 56.36743141159792 ], [ 27.690649940420123, 56.372835303371275 ], [ 27.648277489708295, 56.37444583325226 ], [ 27.622961181981164, 56.388071740434469 ], [ 27.615865135519858, 56.397760479055137 ], [ 27.634505796439125, 56.404037693489684 ], [ 27.61846428725319, 56.408684241163492 ], [ 27.628277468153012, 56.421573110775114 ], [ 27.585865314796013, 56.419182620767835 ], [ 27.598774831947594, 56.42579799803076 ], [ 27.579831942057474, 56.432777103020541 ], [ 27.548970573071518, 56.464611063738815 ], [ 27.559913879261451, 56.470861869667587 ], [ 27.555325102066313, 56.480336910703492 ], [ 27.520340436891882, 56.462850248601598 ], [ 27.506873914475349, 56.462909555020161 ], [ 27.498268380942466, 56.479033365228084 ] ] ] } },
{ "type": "Feature", "properties": { "VEIDS": "novads", "NOSAUKUMS": "Rēzeknes novads", "LABEL": "Rēzeknes nov.", "PLAT_KVKM": 2810.9 }, "geometry": { "type": "Polygon", "coordinates": [ [ [ 26.743158758865476, 56.560522092729109 ], [ 26.752015900718636, 56.561839914969298 ], [ 26.722784241340392, 56.577686130484182 ], [ 26.735455674307101, 56.585610171347462 ], [ 26.730663035729755, 56.589465451062232 ], [ 26.791854769374389, 56.608678279679218 ], [ 26.77310623831502, 56.62156619765819 ], [ 26.771583562835531, 56.634819128657128 ], [ 26.789335209333444, 56.648320413259462 ], [ 26.774585900665613, 56.656802733541845 ], [ 26.778103451098094, 56.665314466749727 ], [ 26.766439493602505, 56.676352638899345 ], [ 26.777066451137653, 56.677999557063075 ], [ 26.783105003501134, 56.695987224067913 ], [ 26.79443185274123, 56.700405298199875 ], [ 26.777862598259855, 56.713141503096161 ], [ 26.924281546907618, 56.83062166449804 ], [ 26.964875516144367, 56.815284648137059 ], [ 26.962362165947962, 56.803258959247742 ], [ 26.994359913225072, 56.820389940796289 ], [ 27.029397468579269, 56.813791294016973 ], [ 27.02062951372627, 56.799777849129825 ], [ 27.069367623324961, 56.797688170282861 ], [ 27.068662545352339, 56.812781894712536 ], [ 27.120268210753547, 56.813344617324908 ], [ 27.128444249599003, 56.803477003055491 ], [ 27.160064331339168, 56.812568208482276 ], [ 27.18010434895362, 56.792030733452918 ], [ 27.19908944765082, 56.789390251817402 ], [ 27.28489307356757, 56.790884325011042 ], [ 27.388501048404489, 56.77592582095108 ], [ 27.485894595165746, 56.785199033781687 ], [ 27.482662967073644, 56.767259908031534 ], [ 27.504656100521764, 56.77224883838889 ], [ 27.504289157173272, 56.756626360135925 ], [ 27.515519439947507, 56.7578702056407 ], [ 27.519708882055845, 56.749899076710811 ], [ 27.511254380823498, 56.732604698755658 ], [ 27.486744692593554, 56.73107333955091 ], [ 27.489974501240837, 56.712873242984166 ], [ 27.482885545912374, 56.709064810795248 ], [ 27.491469560798482, 56.702412860754677 ], [ 27.480794524020684, 56.68844436624147 ], [ 27.491347058203903, 56.685114337525413 ], [ 27.463937691513092, 56.673847797168555 ], [ 27.491821278774843, 56.648114393965578 ], [ 27.508522064494009, 56.658816092526529 ], [ 27.538294809014971, 56.653465609028515 ], [ 27.554285671285658, 56.645529270510679 ], [ 27.553727828463106, 56.634539424919403 ], [ 27.587590306532402, 56.62701088586855 ], [ 27.558058606073878, 56.599641813995341 ], [ 27.568479791951823, 56.570046306067312 ], [ 27.581037601947273, 56.567166472803287 ], [ 27.574107705291368, 56.555858694264451 ], [ 27.584539086417717, 56.547253013856235 ], [ 27.540699083141313, 56.530469213381423 ], [ 27.486182057081713, 56.53643745256587 ], [ 27.505376604134547, 56.532546837619073 ], [ 27.487582964317561, 56.524236127105098 ], [ 27.487230932789817, 56.514160376993388 ], [ 27.500873189629253, 56.511082208186103 ], [ 27.486161909441844, 56.49808352685023 ], [ 27.50575063304915, 56.488521789226418 ], [ 27.497074615412295, 56.480518436201919 ], [ 27.506873914475349, 56.462909555020161 ], [ 27.555325102066313, 56.480336910703492 ], [ 27.559913879261451, 56.470861869667587 ], [ 27.548970573071518, 56.464611063738815 ], [ 27.579831942057474, 56.432777103020541 ], [ 27.598774831947594, 56.42579799803076 ], [ 27.585865314796013, 56.419182620767835 ], [ 27.628277468153012, 56.421573110775114 ], [ 27.61846428725319, 56.408684241163492 ], [ 27.632881274071561, 56.400445338689458 ], [ 27.615865135519858, 56.397760479055137 ], [ 27.627804040771753, 56.384669372090919 ], [ 27.642342313619125, 56.383267978289602 ], [ 27.638686926361697, 56.378231198396364 ], [ 27.649294151091166, 56.374297225951807 ], [ 27.68629258176081, 56.377395527847703 ], [ 27.675760686674373, 56.373684794169066 ], [ 27.690205034927509, 56.373299258956237 ], [ 27.696353760518427, 56.363099569772295 ], [ 27.685833503148487, 56.357004239346622 ], [ 27.684704748425879, 56.332193726675925 ], [ 27.72300373673237, 56.305433551386891 ], [ 27.712177812812627, 56.29541316552713 ], [ 27.701388131937918, 56.297382256441168 ], [ 27.681153437577464, 56.277205110252801 ], [ 27.689155022661282, 56.261441140844234 ], [ 27.707649024971776, 56.259329612727093 ], [ 27.671866446607691, 56.241537750732398 ], [ 27.654739368580017, 56.253215058828907 ], [ 27.583999523344612, 56.239385923081223 ], [ 27.572323828510932, 56.247346054245376 ], [ 27.550851905540107, 56.243865660240587 ], [ 27.548367717589951, 56.256223188404945 ], [ 27.534685079241235, 56.261697549153297 ], [ 27.534183552452152, 56.24650759685948 ], [ 27.489220130086842, 56.232014301290064 ], [ 27.439138645863771, 56.23519286491662 ], [ 27.437436820234769, 56.224200312452425 ], [ 27.459544989094105, 56.221097688747527 ], [ 27.446281806834371, 56.208821164576932 ], [ 27.415638352176146, 56.207958564655009 ], [ 27.426773125945264, 56.205276683162332 ], [ 27.421477162265621, 56.202287276916046 ], [ 27.347096172571842, 56.211688690732565 ], [ 27.270235509475071, 56.199475991292068 ], [ 27.238693709201289, 56.210467310319508 ], [ 27.17610000205228, 56.204919911387925 ], [ 27.164621954788572, 56.214814528434893 ], [ 27.148226762420617, 56.209347704746747 ], [ 27.145684107623431, 56.194809410026053 ], [ 27.116096907947664, 56.195264161780024 ], [ 27.116964221139192, 56.184836373013603 ], [ 27.10959560027543, 56.191978066320885 ], [ 27.095404972074061, 56.191423388882328 ], [ 27.109249870089791, 56.172154466810383 ], [ 27.061281422598917, 56.172007561724655 ], [ 27.028185933949995, 56.2052929039004 ], [ 27.039290282620648, 56.215445435290071 ], [ 27.013628878616945, 56.225484251777438 ], [ 27.019994689320747, 56.229026732634011 ], [ 27.013919379217555, 56.233589023831158 ], [ 26.990539692979279, 56.233589754324441 ], [ 27.001273505928925, 56.241609065947891 ], [ 26.989004989631436, 56.243609400104006 ], [ 27.018133755739079, 56.259872244548156 ], [ 26.966314502748101, 56.293028289253449 ], [ 26.94591732151002, 56.293187214409464 ], [ 26.949809304181816, 56.310041758537821 ], [ 26.939338424464072, 56.321986795565259 ], [ 26.962961918771253, 56.325925333159951 ], [ 26.983867483321188, 56.31880108144599 ], [ 26.997205244403546, 56.33408925025519 ], [ 26.977518183862877, 56.341895908723338 ], [ 26.976097186404225, 56.354926008472752 ], [ 26.958330592080596, 56.364196713830005 ], [ 26.95672678686573, 56.375619144884944 ], [ 26.893021567158449, 56.415070268649991 ], [ 26.919682712902201, 56.423990499269813 ], [ 26.917323674204916, 56.443228533946922 ], [ 26.935585050196742, 56.459881378503873 ], [ 26.957573484536208, 56.460183137697868 ], [ 26.94909877866019, 56.467321900892031 ], [ 26.954715565876203, 56.47968421095343 ], [ 26.857733206976498, 56.483404350829439 ], [ 26.860388013864075, 56.49692568314962 ], [ 26.852265529856773, 56.499617863598353 ], [ 26.809110309545552, 56.496382027096693 ], [ 26.806633429352761, 56.510583003337011 ], [ 26.77487958032243, 56.512239347399465 ], [ 26.824598452071051, 56.525335121060102 ], [ 26.820076119351402, 56.54034377957489 ], [ 26.778811218395347, 56.549911525277444 ], [ 26.769445101113849, 56.556217350614688 ], [ 26.776164415342567, 56.560150336815127 ], [ 26.743158758865476, 56.560522092729109 ] ], [ [ 27.379118100728192, 56.515876115440442 ], [ 27.364777922249857, 56.516839455109768 ], [ 27.376792710816378, 56.525473946278609 ], [ 27.373481980586568, 56.53186424133682 ], [ 27.346112376193592, 56.530858498078956 ], [ 27.349098933942571, 56.53686185907307 ], [ 27.308471399164308, 56.530299832007707 ], [ 27.308380252093389, 56.514535366009511 ], [ 27.317471548897913, 56.507833955436269 ], [ 27.303222691424615, 56.495588429118769 ], [ 27.325025683143664, 56.49217195472076 ], [ 27.33988062059132, 56.477802257931629 ], [ 27.353287561916659, 56.4955679789635 ], [ 27.3709444470019, 56.49939116176224 ], [ 27.374597594025502, 56.505886959025837 ], [ 27.366423782324379, 56.511539314465921 ], [ 27.379118100728192, 56.515876115440442 ] ] ] } },
{ "type": "Feature", "properties": { "VEIDS": "novads", "NOSAUKUMS": "Balvu novads", "LABEL": "Balvu nov.", "PLAT_KVKM": 2386.29 }, "geometry": { "type": "Polygon", "coordinates": [ [ [ 27.728838699317141, 57.03824750918762 ], [ 27.717696525476462, 57.002519000255695 ], [ 27.769565364821478, 57.005240534411456 ], [ 27.742350717559901, 56.956623601179373 ], [ 27.737156108045738, 56.920077993245926 ], [ 27.704721328626739, 56.912255102213855 ], [ 27.686334646355167, 56.915895136860478 ], [ 27.672046902243551, 56.895621975785261 ], [ 27.670538522730602, 56.869818420478943 ], [ 27.655405158050186, 56.853147934208664 ], [ 27.659380805278353, 56.834340171142856 ], [ 27.619041572605838, 56.839231067985651 ], [ 27.603480215769512, 56.858429374663537 ], [ 27.57322090371779, 56.856142656924256 ], [ 27.561290229994835, 56.868102730805226 ], [ 27.569993788447313, 56.868812551587268 ], [ 27.568947050890468, 56.876597049493917 ], [ 27.533773371384239, 56.876537306872521 ], [ 27.549960344329858, 56.869700073225324 ], [ 27.534572473868462, 56.869635462297403 ], [ 27.546552893259584, 56.859013775825375 ], [ 27.426439953536896, 56.852945791098385 ], [ 27.380034555727079, 56.831211855337109 ], [ 27.416086005177068, 56.831682627988293 ], [ 27.398005911510388, 56.826821754891796 ], [ 27.407410910554447, 56.823544451666912 ], [ 27.393481496785608, 56.816678266159443 ], [ 27.373533996343763, 56.816909377472712 ], [ 27.377879030095016, 56.827598962119808 ], [ 27.350740104247311, 56.820689712185469 ], [ 27.345308440407575, 56.814254305180349 ], [ 27.353094031274761, 56.802916654355968 ], [ 27.346012875123971, 56.803684836188459 ], [ 27.345042584205672, 56.788991834768808 ], [ 27.351062954752017, 56.783236104596163 ], [ 27.333505900595629, 56.780439992138554 ], [ 27.28489307356757, 56.790884325011042 ], [ 27.180886478514008, 56.791756397889877 ], [ 27.160064331339168, 56.812568208482276 ], [ 27.128444249599003, 56.803477003055491 ], [ 27.120268210753547, 56.813344617324908 ], [ 27.068662545352339, 56.812781894712536 ], [ 27.069367623324961, 56.797688170282861 ], [ 27.029153089993635, 56.79936457757416 ], [ 27.02062951372627, 56.799777849129825 ], [ 27.029397468579269, 56.813791294016973 ], [ 26.99420070235896, 56.820385844174162 ], [ 26.962187653959134, 56.803334438217789 ], [ 26.964875516144367, 56.815284648137059 ], [ 26.925483981642302, 56.83081634933712 ], [ 26.977864112730828, 56.854586350958314 ], [ 26.990538640259061, 56.871527928091034 ], [ 26.967243790801472, 56.88770012166173 ], [ 26.964686926268524, 56.92025739806531 ], [ 26.899074402363873, 56.937329182543536 ], [ 26.921345550060831, 56.973578197261986 ], [ 26.897168784519952, 56.981514971961111 ], [ 26.865294314479346, 56.974308421610331 ], [ 26.861809946769224, 56.980928951917051 ], [ 26.874923679724272, 57.006634325101309 ], [ 26.858101927303348, 57.006537835546972 ], [ 26.856397060944488, 57.014860961383789 ], [ 26.870480439645746, 57.014250706857297 ], [ 26.861621962165092, 57.017051990307515 ], [ 26.859659897394671, 57.023241654865743 ], [ 26.885622271722156, 57.027474123326151 ], [ 26.880239724041161, 57.030612713439417 ], [ 26.890997592622494, 57.033307819133846 ], [ 26.883157093361859, 57.035348646411833 ], [ 26.887338478755364, 57.038623868516709 ], [ 26.929027444829583, 57.0418351853396 ], [ 26.965185200419061, 57.063896616107307 ], [ 26.976021631303468, 57.090123101591459 ], [ 27.039032827107949, 57.131140837668191 ], [ 27.067413893682058, 57.165135359145104 ], [ 27.100858896562308, 57.173466338123056 ], [ 27.100157954074231, 57.181195578527486 ], [ 27.139817939573344, 57.202879224325152 ], [ 27.163065062980138, 57.227108339332844 ], [ 27.194571475832198, 57.230523698777169 ], [ 27.202667882282078, 57.240170380284077 ], [ 27.230770961029368, 57.232849478129701 ], [ 27.243288173442284, 57.25295841674324 ], [ 27.254872024871414, 57.247586810023876 ], [ 27.294427483546087, 57.251779003653326 ], [ 27.300569804154783, 57.266170599523811 ], [ 27.355737046093179, 57.286568800313695 ], [ 27.40331991191249, 57.253839093926729 ], [ 27.42044985700376, 57.254093552973288 ], [ 27.42584078860261, 57.263753345753621 ], [ 27.460904500145158, 57.264141022189477 ], [ 27.460558876745168, 57.283049948314613 ], [ 27.495564526752663, 57.282181015667696 ], [ 27.500762821559206, 57.260574726765064 ], [ 27.555580170560344, 57.260634692954291 ], [ 27.561360553374918, 57.279658452472233 ], [ 27.591310859588017, 57.279299510365902 ], [ 27.59252761151572, 57.30747791825813 ], [ 27.632648161011321, 57.307889409954676 ], [ 27.692673454820426, 57.330596829582944 ], [ 27.690820124779233, 57.370543953676943 ], [ 27.779119498124313, 57.343394656905005 ], [ 27.773260537553448, 57.331455146282806 ], [ 27.78183932250257, 57.320296935134152 ], [ 27.830523438700776, 57.320418463349675 ], [ 27.866552467635664, 57.296580928813846 ], [ 27.868344421448572, 57.285976253635006 ], [ 27.860506939961269, 57.262988234445658 ], [ 27.870423102953055, 57.248283647476498 ], [ 27.843620614795984, 57.230306871024787 ], [ 27.837874481063892, 57.220000837292673 ], [ 27.84247997452951, 57.212172302988833 ], [ 27.8255929494686, 57.200493034485412 ], [ 27.834947759176274, 57.18204946911176 ], [ 27.826185052902478, 57.171790475116666 ], [ 27.833216182980514, 57.166574080023089 ], [ 27.818277514266434, 57.143343486121616 ], [ 27.757214167097093, 57.131032125085653 ], [ 27.755682181110558, 57.123679416501844 ], [ 27.737536026045372, 57.118969205094871 ], [ 27.733808021484911, 57.113034442671143 ], [ 27.753114320521835, 57.10735395424939 ], [ 27.751908343605255, 57.09827854673987 ], [ 27.719632354154452, 57.103868323707978 ], [ 27.715215200575933, 57.097624339351349 ], [ 27.751688913419024, 57.0841191080413 ], [ 27.768774536288994, 57.085618016335694 ], [ 27.743030183311415, 57.067822853151043 ], [ 27.74882612527913, 57.053433728660032 ], [ 27.728838699317141, 57.03824750918762 ] ] ] } },
{ "type": "Feature", "properties": { "VEIDS": "novads", "NOSAUKUMS": "Madonas novads", "LABEL": "Madonas nov.", "PLAT_KVKM": 3076.73 }, "geometry": { "type": "Polygon", "coordinates": [ [ [ 26.582289427825163, 56.943859740500663 ], [ 26.689595468312881, 56.976971888507286 ], [ 26.709414995212651, 56.971206541772595 ], [ 26.73757034054335, 56.99030725998027 ], [ 26.781451614700302, 56.997066276983276 ], [ 26.788526872805104, 56.987607834479007 ], [ 26.863123247118004, 56.983910827227234 ], [ 26.865840550556975, 56.974043031840743 ], [ 26.896918933338039, 56.981506577241944 ], [ 26.91773510021509, 56.97592154287647 ], [ 26.918446530988373, 56.960372308479286 ], [ 26.899074402363873, 56.937329182543536 ], [ 26.964686926268524, 56.92025739806531 ], [ 26.967243790801472, 56.88770012166173 ], [ 26.991629276100408, 56.867415849476956 ], [ 26.922486311712095, 56.829795767520196 ], [ 26.783553889327578, 56.718317808159199 ], [ 26.777862598259855, 56.713141503096161 ], [ 26.79443185274123, 56.700405298199875 ], [ 26.783105003501134, 56.695987224067913 ], [ 26.777066451137653, 56.677999557063075 ], [ 26.7084598539296, 56.690627987902161 ], [ 26.695497348134474, 56.697735877727588 ], [ 26.696380768084026, 56.714613689731245 ], [ 26.66261647024217, 56.714238304557419 ], [ 26.633742262233536, 56.711225358049305 ], [ 26.607789179213185, 56.696732482164499 ], [ 26.605950725037498, 56.686144571869917 ], [ 26.568885858377183, 56.68950355626599 ], [ 26.515145033059639, 56.67225606987062 ], [ 26.378237824440653, 56.672975562181186 ], [ 26.377914930164831, 56.641455961078577 ], [ 26.356002895800369, 56.611281588414968 ], [ 26.283072258770101, 56.585260732453378 ], [ 26.285148482601663, 56.602023857898224 ], [ 26.274637371143545, 56.603506535067616 ], [ 26.284097961711403, 56.609922209307165 ], [ 26.27357601021674, 56.619125803939653 ], [ 26.218972120797332, 56.604492514780283 ], [ 26.204581626167577, 56.615294152033854 ], [ 26.197944443488005, 56.628335302881801 ], [ 26.212129004947254, 56.632339273342318 ], [ 26.196042153102081, 56.64760582488082 ], [ 26.158981699795206, 56.638807993848815 ], [ 26.135742372830556, 56.657335608300158 ], [ 26.026317997139916, 56.618349023748202 ], [ 26.013790402177339, 56.629016841515217 ], [ 26.021035098953707, 56.634741042700909 ], [ 26.017069967855903, 56.639171799810555 ], [ 25.993569240993285, 56.641590529978437 ], [ 25.982061437255659, 56.665407480575283 ], [ 25.932942828048947, 56.640971900886314 ], [ 25.933301369970991, 56.652784270276307 ], [ 25.912292179587386, 56.655459578005839 ], [ 25.910724075188522, 56.666333562597345 ], [ 25.930396165767256, 56.666943470896349 ], [ 25.94846960671568, 56.681080723802395 ], [ 25.915163676891556, 56.697699263802619 ], [ 25.886323929777816, 56.694006228825785 ], [ 25.836147961675806, 56.709547558694304 ], [ 25.829424160027099, 56.716412455277535 ], [ 25.832843667833433, 56.733283181741399 ], [ 25.817418008758295, 56.743330821516736 ], [ 25.850435710442348, 56.764173098226784 ], [ 25.839833090789359, 56.790506304500184 ], [ 25.807643988446031, 56.796578712730337 ], [ 25.765312330857309, 56.829355417186143 ], [ 25.736456986490609, 56.82094096352737 ], [ 25.753918644846429, 56.809490317439604 ], [ 25.731229731440951, 56.790892512334949 ], [ 25.740269763290396, 56.780396178618709 ], [ 25.736665660738915, 56.775361795948456 ], [ 25.686516404835817, 56.769571091812836 ], [ 25.672322401955913, 56.775557046954439 ], [ 25.673416231685955, 56.78770075576719 ], [ 25.649134381080508, 56.787140508096549 ], [ 25.60576264379214, 56.808374830857559 ], [ 25.553282456923569, 56.800436247782379 ], [ 25.520029802387633, 56.80945781651716 ], [ 25.50619927861786, 56.815296574198207 ], [ 25.508282571839587, 56.826673407915649 ], [ 25.499411830214925, 56.835774692563376 ], [ 25.508591894983937, 56.844716064557154 ], [ 25.479693404310755, 56.852194399412809 ], [ 25.489168258796937, 56.852853353959695 ], [ 25.482843670225876, 56.86378136455842 ], [ 25.488835328379537, 56.867121092761295 ], [ 25.55047196003261, 56.870854634781701 ], [ 25.535701280718275, 56.878547316364497 ], [ 25.535282046606881, 56.886723353248144 ], [ 25.510399289962823, 56.89385734992738 ], [ 25.51476978391797, 56.906950732757821 ], [ 25.537039813937707, 56.917963135414595 ], [ 25.539147998403873, 56.931095913776133 ], [ 25.519853822417012, 56.941434558206623 ], [ 25.519334331194713, 56.957627347802742 ], [ 25.510021477306985, 56.959686023428063 ], [ 25.519493144785688, 56.970617064819628 ], [ 25.508479166241003, 56.983810182810799 ], [ 25.480116342435622, 56.981519601130096 ], [ 25.491367851595058, 56.999824681997239 ], [ 25.535386535742543, 56.991361378684871 ], [ 25.560256153187563, 56.977130545994918 ], [ 25.60447198525004, 56.981553173381563 ], [ 25.639782849271995, 56.999269967731585 ], [ 25.641326408964453, 56.991714613153263 ], [ 25.628974845190527, 56.98832643307027 ], [ 25.637882451812331, 56.978500492873273 ], [ 25.624879808025252, 56.972220580367093 ], [ 25.631187681085741, 56.960874940559052 ], [ 25.705445696352022, 56.983738853812334 ], [ 25.713016035966344, 57.000670936993039 ], [ 25.744681887643583, 56.998063122643366 ], [ 25.756403764223212, 56.981257703055931 ], [ 25.780662958608659, 56.975629454627395 ], [ 25.782623355141258, 56.983892946751581 ], [ 25.809292225742862, 56.989779670212101 ], [ 25.8294221489409, 56.975973905533714 ], [ 25.824641208502133, 56.973247240515562 ], [ 25.842850090673608, 56.968307264885524 ], [ 25.845291975945219, 56.959352147272703 ], [ 25.881873362931685, 56.958859565875258 ], [ 25.926055235887898, 56.972880171169592 ], [ 25.918277503290248, 56.995115218229813 ], [ 25.926467357562405, 57.001936532864221 ], [ 25.883398662448467, 57.010052338822419 ], [ 25.898925683447079, 57.044495092454156 ], [ 25.894680442838567, 57.049786638306628 ], [ 25.921547030357274, 57.098238921145885 ], [ 25.949243346401715, 57.101832883121588 ], [ 26.002166680685754, 57.080596124330242 ], [ 26.050228304513187, 57.079022660379671 ], [ 26.047722050298265, 57.090685555178815 ], [ 26.064564604537114, 57.095123744811346 ], [ 26.114594769038447, 57.075144442332189 ], [ 26.170589814558596, 57.085611065732301 ], [ 26.189105085690866, 57.079808138115339 ], [ 26.192751721361965, 57.091577359428975 ], [ 26.295044172134212, 57.082028227042365 ], [ 26.318986462468072, 57.095528906177407 ], [ 26.327948982261407, 57.072871550709948 ], [ 26.370718202377329, 57.042454233100862 ], [ 26.423369291992174, 57.052594322451384 ], [ 26.441719344611705, 57.063920546327445 ], [ 26.464983466043787, 57.06259293712445 ], [ 26.478578734708005, 57.053143479283136 ], [ 26.497011278841573, 57.055542217254285 ], [ 26.498974818681774, 57.047831680618209 ], [ 26.545945570200171, 57.021372417710317 ], [ 26.544464161994714, 57.006592304489864 ], [ 26.563043070093286, 56.976417468589013 ], [ 26.567871506761477, 56.946668113309435 ], [ 26.582289427825163, 56.943859740500663 ] ] ] } },
{ "type": "Feature", "properties": { "VEIDS": "novads", "NOSAUKUMS": "Smiltenes novads", "LABEL": "Smiltenes nov.", "PLAT_KVKM": 1801.32 }, "geometry": { "type": "Polygon", "coordinates": [ [ [ 26.309538002700155, 57.49895887659283 ], [ 26.363026946955465, 57.506095775855769 ], [ 26.371489532904384, 57.514276703180791 ], [ 26.349458326531185, 57.514303237056758 ], [ 26.343415390011423, 57.523363925152772 ], [ 26.34934929892616, 57.53014641688263 ], [ 26.327761351567897, 57.534799321244599 ], [ 26.343754795262605, 57.539950780833884 ], [ 26.334014132366271, 57.545157139458624 ], [ 26.33619606872875, 57.553518951183733 ], [ 26.365405119180803, 57.571532942697218 ], [ 26.332210459775226, 57.576861866168663 ], [ 26.345001746925693, 57.584057667572772 ], [ 26.401571138004581, 57.572234386596804 ], [ 26.469490414515089, 57.575558302359305 ], [ 26.499867040859773, 57.524508665589259 ], [ 26.557426694247621, 57.513945926130248 ], [ 26.566225104690275, 57.519532063235793 ], [ 26.561266541504736, 57.528200141639239 ], [ 26.584881289526187, 57.539879459720609 ], [ 26.588594031527087, 57.517160425620759 ], [ 26.616562710801741, 57.509312366573852 ], [ 26.614616799335835, 57.529286831563013 ], [ 26.647075969753306, 57.554008438209586 ], [ 26.67150706690202, 57.554291556051567 ], [ 26.669693624227435, 57.563019701989418 ], [ 26.69707693280121, 57.570789117391563 ], [ 26.730800432491893, 57.56927366383163 ], [ 26.73781052657618, 57.575870148384858 ], [ 26.729038317894442, 57.580250073285363 ], [ 26.737805656134036, 57.587698221333426 ], [ 26.749034315402298, 57.577674859356712 ], [ 26.773380213620193, 57.574392709036267 ], [ 26.75362647683777, 57.562387346507428 ], [ 26.770084231668687, 57.560376768718839 ], [ 26.786848547886741, 57.575290623743079 ], [ 26.778516602987221, 57.580585566946574 ], [ 26.792800725052736, 57.57332366440756 ], [ 26.809659423974612, 57.584434974427552 ], [ 26.83537753425918, 57.583438988934397 ], [ 26.839285832697549, 57.577796650180026 ], [ 26.817037550095197, 57.564910923166821 ], [ 26.840201336656481, 57.556973576167387 ], [ 26.842483507286072, 57.543116345186554 ], [ 26.833176405193377, 57.540421480987554 ], [ 26.842578992865544, 57.529806194488749 ], [ 26.825643565855685, 57.519566903530851 ], [ 26.823791960056816, 57.510332834122934 ], [ 26.83577411812476, 57.504096864361749 ], [ 26.821069078974226, 57.497408913405998 ], [ 26.787510950339424, 57.501577331606896 ], [ 26.741034912233115, 57.484285705710462 ], [ 26.75084488208832, 57.473657312656485 ], [ 26.732650832647067, 57.459386426096373 ], [ 26.737187029722104, 57.445187693372588 ], [ 26.719711934352105, 57.42468744760081 ], [ 26.721059821636889, 57.411860084437635 ], [ 26.698691952469591, 57.419108813849427 ], [ 26.64980676570821, 57.413031104700643 ], [ 26.628755248832711, 57.419855668272163 ], [ 26.59478832492357, 57.397490158987601 ], [ 26.597569896637307, 57.389349663265214 ], [ 26.573928403058545, 57.402796236890872 ], [ 26.54978215014922, 57.390392382452596 ], [ 26.53353244635662, 57.391206897204519 ], [ 26.524416595542348, 57.408865446269182 ], [ 26.495956726640372, 57.3992881871674 ], [ 26.48138200872571, 57.407154906782814 ], [ 26.46861017361698, 57.404427302368909 ], [ 26.471851809448516, 57.395922279881063 ], [ 26.46273380176034, 57.396744689600133 ], [ 26.488302802201424, 57.373177662995552 ], [ 26.430179682065056, 57.369267240688508 ], [ 26.431975457838448, 57.350910525627363 ], [ 26.387149672676969, 57.354019665443893 ], [ 26.395559382164492, 57.339495358760495 ], [ 26.424723386005041, 57.35026065624276 ], [ 26.440892540977568, 57.329806117503423 ], [ 26.353632595529668, 57.315975919941728 ], [ 26.27500949436747, 57.329387449042173 ], [ 26.276467652854176, 57.320224987195616 ], [ 26.290495706011097, 57.317213077857531 ], [ 26.286571823710755, 57.308801103541001 ], [ 26.250667443353372, 57.304323952483884 ], [ 26.268290069183795, 57.281256767798297 ], [ 26.159588574813466, 57.279765202872234 ], [ 26.122179547675614, 57.270838814051118 ], [ 26.092566621019355, 57.282368130522904 ], [ 26.070235740955475, 57.278433638295091 ], [ 26.050152488142142, 57.266445400440539 ], [ 26.062107414692811, 57.251388127840897 ], [ 26.0577846191423, 57.248069261741747 ], [ 26.042667427565668, 57.245109547710939 ], [ 26.033339507863513, 57.252627531197184 ], [ 25.996354205623888, 57.244532319725117 ], [ 26.010420312114093, 57.216296209109231 ], [ 25.960596941545937, 57.196805808009131 ], [ 25.921537260694528, 57.190945965078598 ], [ 25.913179507699617, 57.182514352391607 ], [ 25.901014118694352, 57.188764617317624 ], [ 25.859478947961783, 57.186824992224381 ], [ 25.822393489955232, 57.213212907139891 ], [ 25.759095377002406, 57.202756645260692 ], [ 25.744407992580889, 57.209829676680897 ], [ 25.742384107797175, 57.220743435987366 ], [ 25.75566199512236, 57.243876347530964 ], [ 25.746932628227125, 57.252957360625985 ], [ 25.762661064883574, 57.272655607652261 ], [ 25.756809512784884, 57.274586561604515 ], [ 25.736973481011258, 57.277595134468825 ], [ 25.740314679780415, 57.268325907645846 ], [ 25.72034941426449, 57.261840611267544 ], [ 25.707216141178172, 57.268349935956948 ], [ 25.708694100569012, 57.27606829376878 ], [ 25.663746836544007, 57.280875854889722 ], [ 25.616376344086184, 57.267699287767662 ], [ 25.60607960661018, 57.273548201147285 ], [ 25.597540881647468, 57.266234608767668 ], [ 25.589828281230425, 57.278455117273353 ], [ 25.602272512463465, 57.290043943434043 ], [ 25.55779638199532, 57.303422330013071 ], [ 25.565891577520393, 57.309353435906132 ], [ 25.548571730423628, 57.311593630902102 ], [ 25.549147248779512, 57.334387975729832 ], [ 25.507552690781459, 57.358054527842654 ], [ 25.508496386520854, 57.365309949622137 ], [ 25.5366690039506, 57.378893742090767 ], [ 25.582043726401686, 57.386520441269241 ], [ 25.583201502717937, 57.379223625219076 ], [ 25.606790248314855, 57.379316829196327 ], [ 25.611133719971019, 57.399614529504973 ], [ 25.629314020845293, 57.403877297921554 ], [ 25.649915786314327, 57.441318336366301 ], [ 25.66387761124993, 57.443018083442347 ], [ 25.667782850994982, 57.450935788923367 ], [ 25.655264571576865, 57.463045848827555 ], [ 25.67295215686347, 57.468082733467334 ], [ 25.667889090633917, 57.473450549338857 ], [ 25.680934066728447, 57.485900033571973 ], [ 25.719419473658945, 57.495167442540712 ], [ 25.722286064631721, 57.486687961052269 ], [ 25.746293429784561, 57.499944718870822 ], [ 25.895981757715191, 57.48862175514212 ], [ 25.887617890968219, 57.494183639849119 ], [ 25.905544284860465, 57.499882312703896 ], [ 25.895292337836189, 57.494874076159775 ], [ 25.906864266176889, 57.489464796628688 ], [ 25.893519770717187, 57.48137283791128 ], [ 25.914492986160752, 57.469576479381359 ], [ 25.924094147094205, 57.478536086678751 ], [ 25.938458895921979, 57.477601805913302 ], [ 25.948595652685388, 57.489918721893325 ], [ 25.944090144704056, 57.495394449111451 ], [ 25.956506602235642, 57.502002119654811 ], [ 25.938233961178646, 57.511733487577537 ], [ 25.941403814869123, 57.521974810069651 ], [ 25.93180265277875, 57.526065824784425 ], [ 25.983124354567149, 57.548579227359383 ], [ 26.06873569530871, 57.555594502842851 ], [ 26.0935357780441, 57.549673838183544 ], [ 26.127855667866484, 57.561078964614175 ], [ 26.14864872474223, 57.540063420013254 ], [ 26.172525257541064, 57.537298771861998 ], [ 26.182815371348301, 57.545081890895261 ], [ 26.223136107485036, 57.53465335704928 ], [ 26.255561749532763, 57.538940534710171 ], [ 26.234238718228426, 57.532296829351466 ], [ 26.23048659505266, 57.521847413838657 ], [ 26.239410718187585, 57.514820090202818 ], [ 26.261721348872911, 57.511578096680658 ], [ 26.282662522439281, 57.52372464791371 ], [ 26.294513034351819, 57.520151459416766 ], [ 26.290865269808062, 57.516717011993613 ], [ 26.317144168285424, 57.521974514255987 ], [ 26.318578382005281, 57.513537486501129 ], [ 26.304846439642304, 57.507947372975551 ], [ 26.309538002700155, 57.49895887659283 ] ] ] } },
{ "type": "Feature", "properties": { "VEIDS": "novads", "NOSAUKUMS": "Cēsu novads", "LABEL": "Cēsu nov.", "PLAT_KVKM": 2668.14 }, "geometry": { "type": "Polygon", "coordinates": [ [ [ 25.120859235351951, 57.095082756533422 ], [ 25.088047025165242, 57.128612000042175 ], [ 25.0594562564205, 57.122961431531017 ], [ 25.046294810700008, 57.130919872188642 ], [ 24.992935609711921, 57.12603931236351 ], [ 24.969207496316194, 57.143959958812452 ], [ 24.985773532177834, 57.150192196570416 ], [ 24.974433323827718, 57.161398633809682 ], [ 24.982606939838703, 57.178780004402611 ], [ 24.973536149384689, 57.193509536426568 ], [ 24.928584618644155, 57.219022591246393 ], [ 24.900558759831451, 57.223338249334525 ], [ 24.942220118054433, 57.251411188982324 ], [ 24.939759304018345, 57.262597339149131 ], [ 24.952238832440987, 57.278265705685783 ], [ 24.929784871163999, 57.285652467878819 ], [ 24.919609687596726, 57.297745315416158 ], [ 24.903624841116997, 57.298042709743022 ], [ 24.909571108907649, 57.303930248929497 ], [ 24.886911849636345, 57.312816706877818 ], [ 24.904090552148482, 57.320126467644407 ], [ 24.902111078730556, 57.327636910375027 ], [ 24.911455836639888, 57.333940834700243 ], [ 24.879389402328933, 57.338401848346372 ], [ 24.888257460648951, 57.3465441684884 ], [ 24.874098069207434, 57.348965322225212 ], [ 24.859500771513122, 57.376085100073212 ], [ 24.846837587810178, 57.379432102297741 ], [ 24.856576046085713, 57.387531221925684 ], [ 24.840776941018206, 57.404324568935728 ], [ 24.78868134411832, 57.412309174661573 ], [ 24.794960375770287, 57.417773324495244 ], [ 24.785124298000824, 57.422384426132027 ], [ 24.787853776813449, 57.428961623297042 ], [ 24.814989125112287, 57.427698342975326 ], [ 24.832033826881606, 57.416210782371429 ], [ 24.836488562099344, 57.420957361929247 ], [ 24.865157113262459, 57.410182767604248 ], [ 24.894628435135346, 57.430727193470176 ], [ 24.912008543232655, 57.429383519055655 ], [ 24.960893657198053, 57.452604378425178 ], [ 24.9926210745096, 57.457864611149922 ], [ 24.98248035342268, 57.466608483331008 ], [ 25.00970716029784, 57.466513771733112 ], [ 25.009645137190635, 57.477231667233497 ], [ 25.058869207126428, 57.481410258509051 ], [ 25.051712736744093, 57.484411889493408 ], [ 25.069090600385394, 57.48968487450437 ], [ 25.045401158088197, 57.494726340686128 ], [ 25.058339916658969, 57.496781676475564 ], [ 25.061172544834253, 57.505626565830838 ], [ 25.090435480462386, 57.488707003627894 ], [ 25.121039120284507, 57.496139062873191 ], [ 25.141793260105132, 57.48554400579804 ], [ 25.133341967228034, 57.453332512225018 ], [ 25.171015541511817, 57.441831024309401 ], [ 25.198181692617684, 57.412248895084829 ], [ 25.220521761306038, 57.412210776933115 ], [ 25.223964881423871, 57.424422832188796 ], [ 25.254683732475339, 57.416392187878543 ], [ 25.272335480899486, 57.39813330587522 ], [ 25.289051719536676, 57.39490493139607 ], [ 25.32638529693757, 57.410650436308117 ], [ 25.32668545110123, 57.400710698887437 ], [ 25.354632940198961, 57.392438719513557 ], [ 25.345417789767033, 57.385485945933041 ], [ 25.360780820048607, 57.390051181484807 ], [ 25.37673091442516, 57.383879457267483 ], [ 25.388820039931872, 57.387735408657051 ], [ 25.382695926919851, 57.399621341975283 ], [ 25.400299250302954, 57.410395119560853 ], [ 25.387297862536723, 57.428513783511654 ], [ 25.402626127569484, 57.431741417655623 ], [ 25.407662451308607, 57.439175064249923 ], [ 25.395341957892313, 57.440224741676829 ], [ 25.41270099509746, 57.449257527167326 ], [ 25.454441537700099, 57.437600005306031 ], [ 25.506082751011743, 57.454024286178203 ], [ 25.529409063999026, 57.430557121640213 ], [ 25.551944317031793, 57.435699373132628 ], [ 25.555628753379086, 57.452105756773769 ], [ 25.596574897847375, 57.46686556861053 ], [ 25.665386991917156, 57.466311588288519 ], [ 25.655264571576865, 57.463045848827555 ], [ 25.667782850994982, 57.450935788923367 ], [ 25.66387761124993, 57.443018083442347 ], [ 25.649915786314327, 57.441318336366301 ], [ 25.629314020845293, 57.403877297921554 ], [ 25.611133719971019, 57.399614529504973 ], [ 25.606790248314855, 57.379316829196327 ], [ 25.568989676603696, 57.384683570844118 ], [ 25.508496386520854, 57.365309949622137 ], [ 25.511852111522153, 57.351039107707585 ], [ 25.549147248779512, 57.334387975729832 ], [ 25.548571730423628, 57.311593630902102 ], [ 25.565891577520393, 57.309353435906132 ], [ 25.55779638199532, 57.303422330013071 ], [ 25.602272512463465, 57.290043943434043 ], [ 25.589828281230425, 57.278455117273353 ], [ 25.597540881647468, 57.266234608767668 ], [ 25.60607960661018, 57.273548201147285 ], [ 25.616376344086184, 57.267699287767662 ], [ 25.663746836544007, 57.280875854889722 ], [ 25.708694100569012, 57.27606829376878 ], [ 25.707216141178172, 57.268349935956948 ], [ 25.72034941426449, 57.261840611267544 ], [ 25.740314679780415, 57.268325907645846 ], [ 25.736973481011258, 57.277595134468825 ], [ 25.756809512784884, 57.274586561604515 ], [ 25.762661064883574, 57.272655607652261 ], [ 25.746932628227125, 57.252957360625985 ], [ 25.75566199512236, 57.243876347530964 ], [ 25.742384107797175, 57.220743435987366 ], [ 25.744407992580889, 57.209829676680897 ], [ 25.759095377002406, 57.202756645260692 ], [ 25.822393489955232, 57.213212907139891 ], [ 25.859478947961783, 57.186824992224381 ], [ 25.886440027114105, 57.183542694695177 ], [ 25.901014118694352, 57.188764617317624 ], [ 25.914285024079398, 57.182770045483615 ], [ 25.921537260694528, 57.190945965078598 ], [ 25.960596941545937, 57.196805808009131 ], [ 26.013832255875208, 57.21820101264484 ], [ 26.065138159098993, 57.216401399780807 ], [ 26.104365029897956, 57.203951459808522 ], [ 26.099360710676532, 57.196976550426186 ], [ 26.109236623939601, 57.193808350910857 ], [ 26.118358936316763, 57.171306915561289 ], [ 26.146068666790732, 57.160885378763922 ], [ 26.152618708784008, 57.144465178095466 ], [ 26.165650651637819, 57.140292328667684 ], [ 26.166141856210672, 57.129138440438112 ], [ 26.138537916371376, 57.117133184175749 ], [ 26.132267841893036, 57.094558841957763 ], [ 26.106282283864392, 57.078021461387998 ], [ 26.064564604537114, 57.095123744811346 ], [ 26.047722050298265, 57.090685555178815 ], [ 26.050228304513187, 57.079022660379671 ], [ 26.024263478464349, 57.077562415628975 ], [ 25.953531375066078, 57.102065698859278 ], [ 25.921547030357274, 57.098238921145885 ], [ 25.894680442838567, 57.049786638306628 ], [ 25.898925683447079, 57.044495092454156 ], [ 25.883389931892701, 57.009943171190123 ], [ 25.926467357562405, 57.001936532864221 ], [ 25.918277503290248, 56.995115218229813 ], [ 25.926055235887898, 56.972880171169592 ], [ 25.881873362931685, 56.958859565875258 ], [ 25.845291975945219, 56.959352147272703 ], [ 25.842850090673608, 56.968307264885524 ], [ 25.824641208502133, 56.973247240515562 ], [ 25.8294221489409, 56.975973905533714 ], [ 25.809292225742862, 56.989779670212101 ], [ 25.782623355141258, 56.983892946751581 ], [ 25.779718028254603, 56.975701970917171 ], [ 25.756403764223212, 56.981257703055931 ], [ 25.744681887643583, 56.998063122643366 ], [ 25.713016035966344, 57.000670936993039 ], [ 25.705445696352022, 56.983738853812334 ], [ 25.631187681085741, 56.960874940559052 ], [ 25.624879808025252, 56.972220580367093 ], [ 25.637882451812331, 56.978500492873273 ], [ 25.628974845190527, 56.98832643307027 ], [ 25.641326408964453, 56.991714613153263 ], [ 25.639782849271995, 56.999269967731585 ], [ 25.60447198525004, 56.981553173381563 ], [ 25.560256153187563, 56.977130545994918 ], [ 25.496180250796336, 57.000220506842034 ], [ 25.469882997272109, 56.997256443135498 ], [ 25.470180209182342, 56.986387142040293 ], [ 25.450690106505206, 56.990878371122413 ], [ 25.434298260480464, 56.98589687813157 ], [ 25.464647352879563, 56.971866319924445 ], [ 25.434557811155123, 56.959930589271842 ], [ 25.430933643125066, 56.955985616063458 ], [ 25.439246119858993, 56.952858162478982 ], [ 25.415225538701723, 56.934806184420694 ], [ 25.374659928783494, 56.939683573567073 ], [ 25.373137693510483, 56.95393012347958 ], [ 25.354515260673779, 56.969188437034411 ], [ 25.3561770428031, 56.975530433404813 ], [ 25.320284218590206, 56.981961593055907 ], [ 25.283092247502033, 56.968611340532753 ], [ 25.277582640466882, 56.964522090412352 ], [ 25.282089297753735, 56.957592083899279 ], [ 25.253463399971753, 56.952533192325589 ], [ 25.262227955888356, 56.948155830486918 ], [ 25.244860563696484, 56.938934827534517 ], [ 25.258969901392533, 56.936092295529015 ], [ 25.256177699057492, 56.926080350276564 ], [ 25.146239836478113, 56.949642447735506 ], [ 25.139665534390438, 56.957827518292206 ], [ 25.149668671709119, 56.971682328344912 ], [ 25.129448814041943, 56.984602499558783 ], [ 25.145035815060361, 56.990053245989813 ], [ 25.131504691994401, 57.00134360250788 ], [ 25.145682693951663, 57.011295107561693 ], [ 25.13509850313968, 57.01376200767475 ], [ 25.143651001737616, 57.029484885443289 ], [ 25.128798857356919, 57.031829799009884 ], [ 25.134800245215043, 57.044544510642723 ], [ 25.106287650928795, 57.061095724458703 ], [ 25.117106192763522, 57.072109052643569 ], [ 25.157068224933173, 57.081188946863769 ], [ 25.120859235351951, 57.095082756533422 ] ] ] } },
{ "type": "Feature", "properties": { "VEIDS": "novads", "NOSAUKUMS": "Valmieras novads", "LABEL": "Valmieras nov.", "PLAT_KVKM": 2947.92 }, "geometry": { "type": "Polygon", "coordinates": [ [ [ 25.444878957282143, 57.99513282251781 ], [ 25.485866365059142, 57.974814912140445 ], [ 25.519596531722673, 57.980188658584645 ], [ 25.522704042142383, 57.974487329297901 ], [ 25.512025575902612, 57.96979384102174 ], [ 25.517089854919352, 57.967528725166623 ], [ 25.551395380604877, 57.972368513714677 ], [ 25.556957684002814, 57.960437495911656 ], [ 25.574691241167439, 57.974024996077596 ], [ 25.594339661336132, 57.959580526024929 ], [ 25.580517337380957, 57.944192660131094 ], [ 25.638646305787944, 57.930728750895867 ], [ 25.648786929685329, 57.916609373634017 ], [ 25.677792024195043, 57.912372473916399 ], [ 25.678968958298789, 57.90439272813606 ], [ 25.703297552505205, 57.90326459691002 ], [ 25.691752582370682, 57.885512249463943 ], [ 25.675934954659166, 57.882910152317073 ], [ 25.685120349011235, 57.878637088112526 ], [ 25.676944001165221, 57.861989561917248 ], [ 25.681472792036729, 57.858024490438837 ], [ 25.667604004083255, 57.853620928120819 ], [ 25.622780015956334, 57.864412457453064 ], [ 25.615558196037647, 57.874398764753956 ], [ 25.583102067007434, 57.886110315062282 ], [ 25.571862331044439, 57.876585817753607 ], [ 25.557589895198415, 57.882863181217573 ], [ 25.533067421242308, 57.87973708445756 ], [ 25.530166167227151, 57.869416399687843 ], [ 25.51603936225214, 57.863364283125328 ], [ 25.491066053059999, 57.877115960903765 ], [ 25.476573564400908, 57.859601148836312 ], [ 25.54126923439798, 57.817254712961329 ], [ 25.560112657488865, 57.818716724412681 ], [ 25.571378299453443, 57.80829500178519 ], [ 25.56772449552318, 57.800248395143214 ], [ 25.549073167202241, 57.798085326780601 ], [ 25.544663111537883, 57.787283372599639 ], [ 25.622377468532367, 57.768481409894051 ], [ 25.635454587101716, 57.755822323966186 ], [ 25.722399361797414, 57.727355585424505 ], [ 25.811874229391293, 57.737048080775189 ], [ 25.839397680141239, 57.747308730196274 ], [ 25.845486428914359, 57.741661035656207 ], [ 25.836282505759083, 57.736018509560175 ], [ 25.827875605254363, 57.702444851431899 ], [ 25.859651473173656, 57.702964041436864 ], [ 25.85537526755606, 57.686291802611478 ], [ 25.994247949819922, 57.666513525214555 ], [ 25.988864639690206, 57.658470158359535 ], [ 25.975229752787207, 57.661666056232853 ], [ 25.978052730253165, 57.639627355306523 ], [ 25.961267489605302, 57.629652753707163 ], [ 25.964246576610655, 57.623052319169638 ], [ 25.953565907182508, 57.625225117224488 ], [ 25.936081194643531, 57.611555729671096 ], [ 25.926118168165285, 57.61444482968637 ], [ 25.930333395538323, 57.609922351018483 ], [ 25.913398700628839, 57.609137893793921 ], [ 25.90672880369651, 57.599467598300919 ], [ 25.852222713348286, 57.600662898070134 ], [ 25.916463592390965, 57.586553909267238 ], [ 25.915686047639753, 57.559205855303134 ], [ 25.902492195121884, 57.559133610291319 ], [ 25.87299776080005, 57.537995839395954 ], [ 25.898051571880547, 57.527447560504918 ], [ 25.944280791855977, 57.533549389081465 ], [ 25.93180265277875, 57.526065824784425 ], [ 25.941403814869123, 57.521974810069651 ], [ 25.938233961178646, 57.511733487577537 ], [ 25.956506602235642, 57.502002119654811 ], [ 25.944090144704056, 57.495394449111451 ], [ 25.948595652685388, 57.489918721893325 ], [ 25.938458895921979, 57.477601805913302 ], [ 25.924094147094205, 57.478536086678751 ], [ 25.914492986160752, 57.469576479381359 ], [ 25.893519770717187, 57.48137283791128 ], [ 25.906864266176889, 57.489464796628688 ], [ 25.895292337836189, 57.494874076159775 ], [ 25.905544284860465, 57.499882312703896 ], [ 25.887617890968219, 57.494183639849119 ], [ 25.895981757715191, 57.48862175514212 ], [ 25.736681556129625, 57.499775966655221 ], [ 25.741033287918931, 57.49453662149336 ], [ 25.724595918263624, 57.487259618113669 ], [ 25.719419473658945, 57.495167442540712 ], [ 25.680934066728447, 57.485900033571973 ], [ 25.667889090633917, 57.473450549338857 ], [ 25.67281863392698, 57.468034695237577 ], [ 25.593694708070945, 57.465955744136565 ], [ 25.555628753379086, 57.452105756773769 ], [ 25.552048718817652, 57.43580085848803 ], [ 25.537269254277639, 57.431326205579381 ], [ 25.528279367772015, 57.430531539093998 ], [ 25.506082751011743, 57.454024286178203 ], [ 25.454441537700099, 57.437600005306031 ], [ 25.412792696067712, 57.449278106256543 ], [ 25.395341957892313, 57.440224741676829 ], [ 25.407662451308607, 57.439175064249923 ], [ 25.402626127569484, 57.431741417655623 ], [ 25.387297862536723, 57.428513783511654 ], [ 25.40040266518572, 57.410987499515628 ], [ 25.382695926919851, 57.399621341975283 ], [ 25.388820039931872, 57.387735408657051 ], [ 25.360780820048607, 57.390051181484807 ], [ 25.350005492528844, 57.383519605741689 ], [ 25.354632940198961, 57.392438719513557 ], [ 25.32668545110123, 57.400710698887437 ], [ 25.329352683082874, 57.410130830909701 ], [ 25.309171682978686, 57.408107614106179 ], [ 25.308250812175164, 57.399337576526896 ], [ 25.289051719536676, 57.39490493139607 ], [ 25.272335480899486, 57.39813330587522 ], [ 25.254683732475339, 57.416392187878543 ], [ 25.223964881423871, 57.424422832188796 ], [ 25.220521761306038, 57.412210776933115 ], [ 25.191865721537674, 57.415278302275844 ], [ 25.171015541511817, 57.441831024309401 ], [ 25.133341967228034, 57.453332512225018 ], [ 25.141793260105132, 57.48554400579804 ], [ 25.121039120284507, 57.496139062873191 ], [ 25.088048734190131, 57.489668387248102 ], [ 25.075936385133911, 57.50233353109364 ], [ 25.088027618424945, 57.499985919861196 ], [ 25.084752876661003, 57.514561113957676 ], [ 25.054898592343822, 57.516298226818627 ], [ 25.05551123361327, 57.510127711666023 ], [ 25.046294608964164, 57.509892729209156 ], [ 25.040971320202022, 57.518349349427197 ], [ 25.052220725454397, 57.517652169310693 ], [ 25.060419224768161, 57.529360404872691 ], [ 25.02733490716167, 57.54472618459539 ], [ 25.029776904852536, 57.551634817994604 ], [ 25.007665814973794, 57.56295158226169 ], [ 25.007986185891291, 57.570677641651471 ], [ 24.916529936558042, 57.557693377390912 ], [ 24.91265805442713, 57.567434037347397 ], [ 24.894611364389068, 57.572736294806717 ], [ 24.894024346914435, 57.586597827623379 ], [ 24.905462729723439, 57.590758767648872 ], [ 24.896290155826254, 57.606118793209575 ], [ 24.902288964901345, 57.614734478824701 ], [ 24.93184087159813, 57.60933602264182 ], [ 24.975500149588559, 57.62990688596674 ], [ 24.978692317531628, 57.640084850701619 ], [ 25.022007882262137, 57.643082432666297 ], [ 25.022932617877043, 57.630445966102322 ], [ 25.041867435939029, 57.623838223487404 ], [ 25.061409160554661, 57.622940925256067 ], [ 25.073861912691743, 57.632455897740478 ], [ 25.077626591701758, 57.626332106470727 ], [ 25.088714940636333, 57.628811903636901 ], [ 25.046901229358323, 57.654256127650086 ], [ 25.091885126818305, 57.654852977882747 ], [ 25.077312412978721, 57.66774269586999 ], [ 25.082998515084732, 57.672432195905145 ], [ 25.076986787057404, 57.677762778386722 ], [ 25.099553959370816, 57.687530473736729 ], [ 25.062826387001994, 57.70171624622796 ], [ 25.07703418515203, 57.723103986442425 ], [ 25.090743332179755, 57.728479426583014 ], [ 25.085754802853735, 57.734115554372245 ], [ 25.099973312406533, 57.737970974051308 ], [ 25.076436921129091, 57.757069653802347 ], [ 25.077623683645008, 57.774804476749914 ], [ 25.040579865780494, 57.787426633942644 ], [ 25.024110813691781, 57.783063883654648 ], [ 25.007534030490188, 57.800762826287524 ], [ 24.974967914695643, 57.811262078623052 ], [ 24.94743251861194, 57.80620936639346 ], [ 24.955937213198389, 57.81583826445079 ], [ 24.946667459743168, 57.827875090733016 ], [ 24.935685568430795, 57.816500186317512 ], [ 24.896984497326052, 57.827688712882782 ], [ 24.898708599919512, 57.851453513912887 ], [ 24.887747421806381, 57.852198322786393 ], [ 24.893834791562991, 57.860803599813835 ], [ 24.883687747609088, 57.86853299633659 ], [ 24.888894051340447, 57.876633132248465 ], [ 24.877729695001982, 57.882405979702703 ], [ 24.891376977137838, 57.894538114864872 ], [ 24.848155903464676, 57.905857179074076 ], [ 24.834081865196399, 57.972779769397214 ], [ 24.948868636602768, 58.009363980267935 ], [ 25.02040593179656, 58.017824721103146 ], [ 25.076951586582524, 58.066434103627685 ], [ 25.10508033015196, 58.066208528872259 ], [ 25.105844867728479, 58.077825978914724 ], [ 25.191227883048796, 58.076006362509339 ], [ 25.199428600195589, 58.085568798819558 ], [ 25.216575080707944, 58.074046463918293 ], [ 25.205490786866552, 58.061291170836604 ], [ 25.216239824202813, 58.059622245901309 ], [ 25.217540790886225, 58.049324493789065 ], [ 25.228265504178847, 58.053504659654756 ], [ 25.217299733618216, 58.041218247842224 ], [ 25.220059850161576, 58.028859377406562 ], [ 25.225531858175486, 58.021773627809054 ], [ 25.244553124711697, 58.021182796799224 ], [ 25.228396386644114, 58.018065195592321 ], [ 25.256006017352338, 58.002958721216267 ], [ 25.256262089951882, 57.993847356604491 ], [ 25.30258265651883, 57.994008437272619 ], [ 25.295757789614591, 57.999840230576176 ], [ 25.302378153382289, 57.999967514006649 ], [ 25.297135980804008, 58.014649833501636 ], [ 25.303739237277831, 58.034271440407622 ], [ 25.264866064546485, 58.060086163983733 ], [ 25.28682981918363, 58.081623780220539 ], [ 25.318736365632226, 58.069500757357083 ], [ 25.363858254734435, 58.031395780821875 ], [ 25.408312294181382, 58.029137305449147 ], [ 25.466841484267214, 58.005176170389682 ], [ 25.444878957282143, 57.99513282251781 ] ] ] } },
{ "type": "Feature", "properties": { "VEIDS": "novads", "NOSAUKUMS": "Ādažu novads", "LABEL": "Ādažu nov.", "PLAT_KVKM": 243.32 }, "geometry": { "type": "Polygon", "coordinates": [ [ [ 24.118128816305923, 57.080687041840427 ], [ 24.339007447604235, 57.195962458028376 ], [ 24.337364307509034, 57.18799866399555 ], [ 24.368448058691179, 57.181996979157965 ], [ 24.465279159432008, 57.182922414681059 ], [ 24.509105456881606, 57.108106499271258 ], [ 24.498414796345376, 57.101238431766681 ], [ 24.508042415328404, 57.096875381268575 ], [ 24.461068363106282, 57.073886935309787 ], [ 24.424852176137296, 57.071657365979675 ], [ 24.380992254555487, 57.057363322412336 ], [ 24.363112042039237, 57.062439031862041 ], [ 24.314257038833937, 57.026745036129597 ], [ 24.253039280697504, 57.041558525522092 ], [ 24.243190904426459, 57.069059790268305 ], [ 24.233045633130587, 57.066537594475676 ], [ 24.226217066668859, 57.074445244621529 ], [ 24.153054850470337, 57.055617600172901 ], [ 24.135527437823711, 57.077279242531965 ], [ 24.118128816305923, 57.080687041840427 ] ] ] } },
{ "type": "Feature", "properties": { "VEIDS": "novads", "NOSAUKUMS": "Ropažu novads", "LABEL": "Ropažu nov.", "PLAT_KVKM": 535.89 }, "geometry": { "type": "Polygon", "coordinates": [ [ [ 24.51983641764194, 57.105265814102388 ], [ 24.562810833887855, 57.096022428308807 ], [ 24.541793471550722, 57.08602861539962 ], [ 24.559381960723552, 57.085623694782605 ], [ 24.56584387547019, 57.074953279358638 ], [ 24.555849890157216, 57.072669195636038 ], [ 24.586346220141451, 57.059896034616379 ], [ 24.629452185659211, 57.063251090666711 ], [ 24.663037276499502, 57.02495877441126 ], [ 24.656389892463388, 57.019766072724153 ], [ 24.699822806320736, 57.000667344119073 ], [ 24.722033451122435, 56.994220171205157 ], [ 24.770617838880622, 57.000092340360098 ], [ 24.817907648680009, 56.989453494460385 ], [ 24.820866215045658, 56.962138376850731 ], [ 24.805556546069585, 56.944574286679241 ], [ 24.786977076884472, 56.938401255298373 ], [ 24.802323809150149, 56.933192011765989 ], [ 24.760347444483898, 56.911507402741208 ], [ 24.727929213567219, 56.911087589360775 ], [ 24.730992870759685, 56.90022117945631 ], [ 24.609932802435853, 56.889055368929355 ], [ 24.577020195629288, 56.890957889038859 ], [ 24.564479039697158, 56.906860711822219 ], [ 24.470696653767092, 56.899965628156181 ], [ 24.452307127056365, 56.907183095125973 ], [ 24.464877542842853, 56.915280474744314 ], [ 24.451069638001417, 56.921704160694709 ], [ 24.456095153304432, 56.924741623148321 ], [ 24.370695886646025, 56.917422501037144 ], [ 24.346331022367441, 56.89813110243707 ], [ 24.330975752616453, 56.904127862152883 ], [ 24.346019248027698, 56.916232634298503 ], [ 24.258044327214783, 56.920393343871929 ], [ 24.262710990398809, 56.914125949934238 ], [ 24.252118525136954, 56.913720273037583 ], [ 24.254006570261481, 56.904547445289225 ], [ 24.281099002680008, 56.872706253965418 ], [ 24.274851623166875, 56.870241761922081 ], [ 24.227986033346436, 56.896582461912153 ], [ 24.236809375364246, 56.91311828193232 ], [ 24.233428426233935, 56.937353517951642 ], [ 24.253105923192187, 56.955826212762013 ], [ 24.263406357994008, 56.948933144030001 ], [ 24.270027989475842, 56.957481560228032 ], [ 24.287490492532353, 56.955075282644415 ], [ 24.323951353981343, 56.970098120421468 ], [ 24.304868127156986, 56.98000940982412 ], [ 24.306147381827756, 56.987095603260215 ], [ 24.278873969119051, 56.996505670474697 ], [ 24.283387260995816, 57.001939987042668 ], [ 24.272367750894297, 57.010222952450654 ], [ 24.212912828860038, 57.016910542105329 ], [ 24.197766629262361, 57.025632645077039 ], [ 24.199247165121413, 57.039720474683122 ], [ 24.187081302242639, 57.053861724462401 ], [ 24.153054850470337, 57.055617600172901 ], [ 24.226217066668859, 57.074445244621529 ], [ 24.233045633130587, 57.066537594475676 ], [ 24.243190904426459, 57.069059790268305 ], [ 24.253039280697504, 57.041558525522092 ], [ 24.314257038833937, 57.026745036129597 ], [ 24.363112042039237, 57.062439031862041 ], [ 24.380992254555487, 57.057363322412336 ], [ 24.424852176137296, 57.071657365979675 ], [ 24.456519170738218, 57.0724748350545 ], [ 24.51983641764194, 57.105265814102388 ] ] ] } },
{ "type": "Feature", "properties": { "VEIDS": "novads", "NOSAUKUMS": "Siguldas novads", "LABEL": "Siguldas nov.", "PLAT_KVKM": 1030.12 }, "geometry": { "type": "Polygon", "coordinates": [ [ [ 24.682475611840005, 57.149639927834706 ], [ 24.676673098531072, 57.160209690579386 ], [ 24.682852814492666, 57.171003128307156 ], [ 24.653839653995398, 57.181431080447105 ], [ 24.628281702198638, 57.178119535999542 ], [ 24.628233354102207, 57.193802524372195 ], [ 24.61665018148657, 57.205963082860208 ], [ 24.661620691819181, 57.20529826490084 ], [ 24.66198786607443, 57.212645857437579 ], [ 24.679087746820962, 57.21282723305842 ], [ 24.679287920753435, 57.223368166282647 ], [ 24.713701398244325, 57.22783181780882 ], [ 24.724901700243716, 57.239930812607987 ], [ 24.703348989324894, 57.239891500569925 ], [ 24.708596699590334, 57.247417065399482 ], [ 24.692153033545683, 57.291824335380227 ], [ 24.656256583294752, 57.299042135447074 ], [ 24.647356818025528, 57.31800088668318 ], [ 24.675618494796616, 57.318805692733896 ], [ 24.676805591740813, 57.328596947827094 ], [ 24.696239075164005, 57.327127224040993 ], [ 24.694395297273253, 57.33331299146986 ], [ 24.710137412743777, 57.334931196990013 ], [ 24.701774637290622, 57.339309371834737 ], [ 24.717114522646447, 57.347654597280304 ], [ 24.70074538515248, 57.388002328201253 ], [ 24.732856638618369, 57.392918074272494 ], [ 24.758079382831237, 57.410060525433956 ], [ 24.764675947767202, 57.403410600654354 ], [ 24.757665321860664, 57.39347475598111 ], [ 24.764710232955558, 57.387947383429996 ], [ 24.851262900909813, 57.384245201842042 ], [ 24.846837587810178, 57.379432102297741 ], [ 24.859500771513122, 57.376085100073212 ], [ 24.874098069207434, 57.348965322225212 ], [ 24.888257460648951, 57.3465441684884 ], [ 24.879389402328933, 57.338401848346372 ], [ 24.912238732295467, 57.332918087841826 ], [ 24.886911849636345, 57.312816706877818 ], [ 24.909571108907649, 57.303930248929497 ], [ 24.903624841116997, 57.298042709743022 ], [ 24.919609687596726, 57.297745315416158 ], [ 24.929784871163999, 57.285652467878819 ], [ 24.952238832440987, 57.278265705685783 ], [ 24.939759304018345, 57.262597339149131 ], [ 24.942220118054433, 57.251411188982324 ], [ 24.900558759831451, 57.223338249334525 ], [ 24.928584618644155, 57.219022591246393 ], [ 24.973536149384689, 57.193509536426568 ], [ 24.982606939838703, 57.178780004402611 ], [ 24.974433323827718, 57.161398633809682 ], [ 24.985773532177834, 57.150192196570416 ], [ 24.969207496316194, 57.143959958812452 ], [ 24.992935609711921, 57.12603931236351 ], [ 25.088047025165242, 57.128612000042175 ], [ 25.120859235351951, 57.095082756533422 ], [ 25.157068224933173, 57.081188946863769 ], [ 25.117106192763522, 57.072109052643569 ], [ 25.106287650928795, 57.061095724458703 ], [ 25.134800245215043, 57.044544510642723 ], [ 25.128798857356919, 57.031829799009884 ], [ 25.143651001737616, 57.029484885443289 ], [ 25.13509850313968, 57.01376200767475 ], [ 25.145682693951663, 57.011295107561693 ], [ 25.131504691994401, 57.00134360250788 ], [ 25.145035815060361, 56.990053245989813 ], [ 25.129448814041943, 56.984602499558783 ], [ 25.149668671709119, 56.971682328344912 ], [ 25.139665534390438, 56.957827518292206 ], [ 25.146278506255843, 56.949730354755999 ], [ 25.125596523194169, 56.940573046284769 ], [ 25.113374068193661, 56.94646711867945 ], [ 25.070911416462287, 56.942635599023994 ], [ 25.054015465967439, 56.932995750637232 ], [ 25.012369389034813, 56.945591655080534 ], [ 24.992999569440183, 56.929463042235746 ], [ 24.95632409817264, 56.947557357474864 ], [ 24.940136993472262, 56.935853910167516 ], [ 24.899922260224319, 56.930182640511568 ], [ 24.895795968093587, 56.922896468966648 ], [ 24.814393757498916, 56.938090564033985 ], [ 24.788592120525948, 56.935922119672334 ], [ 24.820866215045658, 56.962138376850731 ], [ 24.817907648680009, 56.989453494460385 ], [ 24.770617838880622, 57.000092340360098 ], [ 24.713859345752365, 56.995090519046634 ], [ 24.656389892463388, 57.019766072724153 ], [ 24.663037276499502, 57.02495877441126 ], [ 24.629452185659211, 57.063251090666711 ], [ 24.586346220141451, 57.059896034616379 ], [ 24.555216796183458, 57.073114954216003 ], [ 24.56584387547019, 57.074953279358638 ], [ 24.559381960723552, 57.085623694782605 ], [ 24.541793471550722, 57.08602861539962 ], [ 24.562810833887855, 57.096022428308807 ], [ 24.522501512885864, 57.105649147956335 ], [ 24.507860213422319, 57.09697632126759 ], [ 24.498414796345376, 57.101238431766681 ], [ 24.552248733585515, 57.123268295182996 ], [ 24.570508399292883, 57.13937164956527 ], [ 24.663767083228144, 57.124850869081939 ], [ 24.682475611840005, 57.149639927834706 ] ] ] } },
{ "type": "Feature", "properties": { "VEIDS": "novads", "NOSAUKUMS": "Preiļu novads", "LABEL": "Preiļu nov.", "PLAT_KVKM": 1413.43 }, "geometry": { "type": "Polygon", "coordinates": [ [ [ 27.107400534988507, 56.15925871335795 ], [ 27.129663330542726, 56.144723502254593 ], [ 27.118815676743409, 56.13649743553659 ], [ 27.127330182430271, 56.130298620166286 ], [ 27.126276934108446, 56.112097171869593 ], [ 27.142090403424017, 56.097142731046944 ], [ 27.094865410703679, 56.10208495162707 ], [ 27.098782346922299, 56.095084346405436 ], [ 27.07093565223132, 56.096073507611756 ], [ 27.019601261137019, 56.070712078278895 ], [ 26.999031845677301, 56.071100360331108 ], [ 26.997979017773581, 56.062652018254923 ], [ 26.943141679986084, 56.057721142286972 ], [ 26.93110327875041, 56.05902378468506 ], [ 26.931805524161522, 56.067209338289572 ], [ 26.912744689443755, 56.078391541428026 ], [ 26.908570718785661, 56.094865017176815 ], [ 26.88812477524262, 56.104337804015586 ], [ 26.896232412278565, 56.125309499745818 ], [ 26.890546062097538, 56.13428030937601 ], [ 26.844009326537027, 56.118842640287212 ], [ 26.822928118147363, 56.134858992376721 ], [ 26.764499459826773, 56.108035776695644 ], [ 26.705510627973144, 56.107072461164037 ], [ 26.691823607000426, 56.131238339870094 ], [ 26.682430761328316, 56.134445727143479 ], [ 26.643567286208121, 56.139396052739464 ], [ 26.625152537064967, 56.123702678849035 ], [ 26.600011934240118, 56.137433693063059 ], [ 26.588926344551375, 56.13446284449801 ], [ 26.570314905632578, 56.145499165956629 ], [ 26.577715562514097, 56.158484133413005 ], [ 26.558404957982507, 56.168072086893169 ], [ 26.544695870442677, 56.160035693635976 ], [ 26.55457626945007, 56.131010960861879 ], [ 26.506232575207697, 56.129559405197938 ], [ 26.49755464024771, 56.167956093438988 ], [ 26.459885851955537, 56.192158041302548 ], [ 26.422772170312168, 56.175228099925988 ], [ 26.366555442136804, 56.208226886649221 ], [ 26.332464925780609, 56.190553492542577 ], [ 26.311514154822468, 56.219143406209028 ], [ 26.29084666725241, 56.228105775465352 ], [ 26.316642096827078, 56.230853223164111 ], [ 26.294929955751201, 56.294528081279587 ], [ 26.363233881044764, 56.280844220726188 ], [ 26.359805537358461, 56.290025474245297 ], [ 26.368822551170584, 56.29759144286443 ], [ 26.362724676677143, 56.304592357690503 ], [ 26.371574389529144, 56.30861130310042 ], [ 26.364632521651515, 56.316104783799751 ], [ 26.386853652926998, 56.324943923537639 ], [ 26.399790574904088, 56.314168181233299 ], [ 26.3986028369584, 56.299133338643038 ], [ 26.416236246505385, 56.293901584182272 ], [ 26.415866568092653, 56.284777690156858 ], [ 26.43210852160469, 56.277928364449558 ], [ 26.45537341641473, 56.279708257195438 ], [ 26.466801706399607, 56.271906909984722 ], [ 26.481392774522547, 56.28262247915729 ], [ 26.506438964804175, 56.280465256184392 ], [ 26.560143779990316, 56.266226434355289 ], [ 26.569174254816794, 56.266964079066078 ], [ 26.573006292086657, 56.276719568009057 ], [ 26.610321051170398, 56.284504114851281 ], [ 26.60649490154643, 56.299724466520594 ], [ 26.593214726066147, 56.303849849831352 ], [ 26.594370114741444, 56.325250555910536 ], [ 26.570199369960534, 56.323443077300986 ], [ 26.541031624527331, 56.340524477320152 ], [ 26.511821808669321, 56.342660527991107 ], [ 26.505942174735956, 56.348602795078435 ], [ 26.511557211058978, 56.354613051156797 ], [ 26.476097735555403, 56.35837255396828 ], [ 26.494153775378273, 56.390479408342678 ], [ 26.489512118462645, 56.394654139977611 ], [ 26.505463842671315, 56.39656393685258 ], [ 26.546092539782691, 56.377232621405284 ], [ 26.562186246544584, 56.386878086198344 ], [ 26.596024318100152, 56.435891303367796 ], [ 26.553684798581063, 56.44829259619766 ], [ 26.559551160837295, 56.484436582454002 ], [ 26.616463788900639, 56.486635788323447 ], [ 26.609987348414364, 56.499048746551985 ], [ 26.600162533349479, 56.493728131243728 ], [ 26.594913193598185, 56.501923601891384 ], [ 26.624898993109451, 56.54008893334781 ], [ 26.71382345778671, 56.545844107099214 ], [ 26.735544656537339, 56.534882556985686 ], [ 26.743381602901927, 56.543318406157248 ], [ 26.743158758865476, 56.560522092729109 ], [ 26.776040476959643, 56.560171648712469 ], [ 26.769445101113849, 56.556217350614688 ], [ 26.820076119351402, 56.54034377957489 ], [ 26.825390923351115, 56.531109260535679 ], [ 26.824598452071051, 56.525335121060102 ], [ 26.77487958032243, 56.512239347399465 ], [ 26.806633429352761, 56.510583003337011 ], [ 26.806833323150059, 56.497304488574237 ], [ 26.852265529856773, 56.499617863598353 ], [ 26.860388013864075, 56.49692568314962 ], [ 26.857733206976498, 56.483404350829439 ], [ 26.954715565876203, 56.47968421095343 ], [ 26.94909877866019, 56.467321900892031 ], [ 26.957573484536208, 56.460183137697868 ], [ 26.935585050196742, 56.459881378503873 ], [ 26.917323674204916, 56.443228533946922 ], [ 26.919682712902201, 56.423990499269813 ], [ 26.893021567158449, 56.415070268649991 ], [ 26.95672678686573, 56.375619144884944 ], [ 26.958330592080596, 56.364196713830005 ], [ 26.976097186404225, 56.354926008472752 ], [ 26.977518183862877, 56.341895908723338 ], [ 26.997205244403546, 56.33408925025519 ], [ 26.983867483321188, 56.31880108144599 ], [ 26.962961918771253, 56.325925333159951 ], [ 26.939338424464072, 56.321986795565259 ], [ 26.949809304181816, 56.310041758537821 ], [ 26.94591732151002, 56.293187214409464 ], [ 26.966314502748101, 56.293028289253449 ], [ 27.018133755739079, 56.259872244548156 ], [ 26.989004989631436, 56.243609400104006 ], [ 27.001273505928925, 56.241609065947891 ], [ 26.990539692979279, 56.233589754324441 ], [ 27.013919379217555, 56.233589023831158 ], [ 27.019994689320747, 56.229026732634011 ], [ 27.013628878616945, 56.225484251777438 ], [ 27.039290282620648, 56.215445435290071 ], [ 27.026823018022206, 56.209982967325551 ], [ 27.046961572387353, 56.19162065519636 ], [ 27.047978740665897, 56.178954006994687 ], [ 27.061762002575342, 56.17191031216877 ], [ 27.098976690063019, 56.175487669594219 ], [ 27.107400534988507, 56.15925871335795 ] ] ] } },
{ "type": "Feature", "properties": { "VEIDS": "novads", "NOSAUKUMS": "Krāslavas novads", "LABEL": "Krāslavas nov.", "PLAT_KVKM": 2288.85 }, "geometry": { "type": "Polygon", "coordinates": [ [ [ 26.970418707421771, 56.011187397805791 ], [ 26.947740136418993, 56.041445032416163 ], [ 26.959996844054622, 56.044858963328153 ], [ 26.954271468135779, 56.050039249457804 ], [ 26.970644359837134, 56.051030920808358 ], [ 26.965822544599302, 56.053708985014424 ], [ 26.973421877453234, 56.062090971225551 ], [ 26.997979017773581, 56.062652018254923 ], [ 26.999031845677301, 56.071100360331108 ], [ 27.019601261137019, 56.070712078278895 ], [ 27.076457207262418, 56.09753211101075 ], [ 27.098782346922299, 56.095084346405436 ], [ 27.093608514873896, 56.101835855797162 ], [ 27.142090403424017, 56.097142731046944 ], [ 27.126276934108446, 56.112097171869593 ], [ 27.127330182430271, 56.130298620166286 ], [ 27.118815676743409, 56.13649743553659 ], [ 27.129783279426942, 56.144497954784526 ], [ 27.1061980360391, 56.159928890892992 ], [ 27.099122401586023, 56.170929728140628 ], [ 27.109707309915105, 56.174903992082719 ], [ 27.094873393058133, 56.18888084680578 ], [ 27.10798973112632, 56.192432638021415 ], [ 27.116429491682418, 56.184754923339341 ], [ 27.116096907947664, 56.195264161780024 ], [ 27.145684107623431, 56.194809410026053 ], [ 27.148226762420617, 56.209347704746747 ], [ 27.164621954788572, 56.214814528434893 ], [ 27.17610000205228, 56.204919911387925 ], [ 27.238693709201289, 56.210467310319508 ], [ 27.270235509475071, 56.199475991292068 ], [ 27.347096172571842, 56.211688690732565 ], [ 27.421477162265621, 56.202287276916046 ], [ 27.426773125945264, 56.205276683162332 ], [ 27.415638352176146, 56.207958564655009 ], [ 27.446281806834371, 56.208821164576932 ], [ 27.459544989094105, 56.221097688747527 ], [ 27.437436820234769, 56.224200312452425 ], [ 27.439138645863771, 56.23519286491662 ], [ 27.489220130086842, 56.232014301290064 ], [ 27.534183552452152, 56.24650759685948 ], [ 27.534685079241235, 56.261697549153297 ], [ 27.548367717589951, 56.256223188404945 ], [ 27.550851905540107, 56.243865660240587 ], [ 27.572323828510932, 56.247346054245376 ], [ 27.583999523344612, 56.239385923081223 ], [ 27.654739368580017, 56.253215058828907 ], [ 27.725109065614003, 56.200133981402573 ], [ 27.806167820923928, 56.197988112590949 ], [ 27.819072899536678, 56.19462361715172 ], [ 27.822121753828004, 56.185949529210482 ], [ 27.840361099054469, 56.187070533055731 ], [ 27.848748785471486, 56.177283177980257 ], [ 27.884818545646773, 56.195915771191345 ], [ 27.905968991332983, 56.179017872002774 ], [ 27.915980267623532, 56.182821339203883 ], [ 27.916225284584581, 56.191090166382104 ], [ 27.939963029541257, 56.19871463250815 ], [ 27.98220004245459, 56.19688211339728 ], [ 28.041625566324239, 56.219007554978113 ], [ 28.047440069254989, 56.212326859495811 ], [ 28.059279813070127, 56.218164472909088 ], [ 28.05181112588696, 56.20960908585667 ], [ 28.055596552450559, 56.20322819426557 ], [ 28.073059709276567, 56.206575900955841 ], [ 28.074459771239653, 56.214633705275219 ], [ 28.095863439127321, 56.206164938855984 ], [ 28.069242161503496, 56.189609630994461 ], [ 28.069950833392198, 56.179103015431728 ], [ 28.054098231559863, 56.172681486660736 ], [ 28.058462741729723, 56.169095237068312 ], [ 28.036196855000139, 56.161163618810697 ], [ 28.061554338796938, 56.148145752525366 ], [ 28.064377686884924, 56.13663414039501 ], [ 28.044940706219602, 56.128955180414039 ], [ 28.044611984842664, 56.118749530328195 ], [ 28.008618881027662, 56.12665182358181 ], [ 27.971882944950295, 56.12033936780481 ], [ 27.969651585235514, 56.110274236373101 ], [ 27.939220232408498, 56.091704264581473 ], [ 27.935749563930312, 56.073674472142301 ], [ 27.905023282580149, 56.048687817285249 ], [ 27.874935958604397, 56.053397878918524 ], [ 27.860744854274948, 56.043685231481852 ], [ 27.806478255486105, 56.035436477439902 ], [ 27.833301660515637, 56.021709942096756 ], [ 27.817248575861871, 56.007854938593255 ], [ 27.805200305281982, 56.008150484875245 ], [ 27.812557398642127, 55.997849557856853 ], [ 27.801653557966581, 55.981342475213999 ], [ 27.783607097916647, 55.975175100420778 ], [ 27.749477879293231, 55.979005965624843 ], [ 27.652960310176155, 55.929525368514881 ], [ 27.6532392304563, 55.913192713522704 ], [ 27.624690675940471, 55.892318129644551 ], [ 27.639684403767863, 55.848132286131417 ], [ 27.612869169945498, 55.786499044755303 ], [ 27.432478052808211, 55.794230376244691 ], [ 27.366718291993358, 55.815003538453169 ], [ 27.349512511396323, 55.801919102452544 ], [ 27.287357041625445, 55.785167128949482 ], [ 27.249511217152257, 55.794241288022199 ], [ 27.199662010454183, 55.834224910334136 ], [ 27.171553577275006, 55.837375058559616 ], [ 27.152128979539874, 55.852166283588808 ], [ 27.108753441904359, 55.847229959832923 ], [ 27.093503164531953, 55.827251594045961 ], [ 27.051381880748689, 55.830686540622189 ], [ 27.032351040302057, 55.822685814945196 ], [ 27.015172531938163, 55.828753532300219 ], [ 26.978537551033721, 55.814660967716563 ], [ 26.983477795879793, 55.828409559416649 ], [ 26.97451250657593, 55.832883203725338 ], [ 26.984082022291968, 55.843610146243186 ], [ 26.977642655433055, 55.847965579799428 ], [ 26.984253216575087, 55.869639705297921 ], [ 26.93539009184374, 55.870976473305248 ], [ 26.928135917917515, 55.889409264644726 ], [ 26.93305974052258, 55.908118682183904 ], [ 26.959000335071568, 55.924580356793477 ], [ 26.933945275858928, 55.938705474725431 ], [ 26.96838321971433, 55.95361719183682 ], [ 26.942284046256454, 55.965438096641513 ], [ 26.93505207817044, 55.986368112676985 ], [ 26.942052683748447, 55.99648619470878 ], [ 26.930177604138358, 56.003311458139166 ], [ 26.970418707421771, 56.011187397805791 ] ] ] } },
{ "type": "Feature", "properties": { "VEIDS": "valstspilsēta", "NOSAUKUMS": "Daugavpils pilsēta", "LABEL": "Daugavpils", "PLAT_KVKM": 72.37 }, "geometry": { "type": "Polygon", "coordinates": [ [ [ 26.449644539735655, 55.924818400691315 ], [ 26.538701721852021, 55.905097306599622 ], [ 26.591174954943213, 55.957575214350321 ], [ 26.611267901911425, 55.925379241755344 ], [ 26.605903496605936, 55.899663694627151 ], [ 26.614883330654358, 55.891347328978121 ], [ 26.607967968689415, 55.881457754123694 ], [ 26.636175196266066, 55.869399808625666 ], [ 26.560986416746246, 55.860815157180518 ], [ 26.562330450785023, 55.854377115300025 ], [ 26.546352126099464, 55.851755524390263 ], [ 26.547107638667569, 55.844093127444374 ], [ 26.501769802333893, 55.85065110472037 ], [ 26.494804252434278, 55.834751815648829 ], [ 26.489036001751245, 55.835893719308167 ], [ 26.496740814554542, 55.845596380754849 ], [ 26.475555896001069, 55.86122031218202 ], [ 26.48883910644258, 55.877521786225167 ], [ 26.437998744845544, 55.913327455914853 ], [ 26.449644539735655, 55.924818400691315 ] ] ] } },
{ "type": "Feature", "properties": { "VEIDS": "novads", "NOSAUKUMS": "Ķekavas novads", "LABEL": "Ķekavas nov.", "PLAT_KVKM": 444.26 }, "geometry": { "type": "Polygon", "coordinates": [ [ [ 24.058160489705543, 56.72571254149814 ], [ 24.064797085139432, 56.731520933921274 ], [ 24.062881553909342, 56.745078681866957 ], [ 24.045640929965867, 56.740739432516257 ], [ 24.061667532958133, 56.734231052482798 ], [ 24.045989473326951, 56.732551215745765 ], [ 24.038984472545838, 56.741950030103524 ], [ 24.01484608236008, 56.743480745213553 ], [ 24.033774952414799, 56.752968145748866 ], [ 24.031963962277928, 56.762081246544611 ], [ 24.008118383763176, 56.759989859410652 ], [ 24.045464398391246, 56.766022710160094 ], [ 24.043501334812767, 56.772751314642093 ], [ 24.09880377038597, 56.768328117509562 ], [ 24.099343400708111, 56.783836166554984 ], [ 24.13978413687634, 56.810081753796076 ], [ 24.14052303989056, 56.822262649465273 ], [ 24.133359893144696, 56.82438953233693 ], [ 24.139762100959885, 56.833836610904306 ], [ 24.108714420043377, 56.843034158643903 ], [ 24.095098872919557, 56.857410499901057 ], [ 24.105756792103112, 56.877989161577787 ], [ 24.10053558194252, 56.891831462349913 ], [ 24.146910598497186, 56.896284089552246 ], [ 24.146186875722602, 56.909780459145225 ], [ 24.185120780282919, 56.900508853616273 ], [ 24.207271854869344, 56.881776200965049 ], [ 24.19119899464738, 56.867912532094685 ], [ 24.237156076730052, 56.833516889203942 ], [ 24.272508197855455, 56.833429618450488 ], [ 24.290911217935875, 56.821752336448185 ], [ 24.339539312295255, 56.835392046201918 ], [ 24.340327588148, 56.841567367100708 ], [ 24.405729594196053, 56.835496297659809 ], [ 24.448362355001478, 56.842271014046133 ], [ 24.505313687893878, 56.808120545686393 ], [ 24.521878165219388, 56.807473072588728 ], [ 24.52577162833736, 56.796469336005458 ], [ 24.544000701020813, 56.793440134639248 ], [ 24.535618971479042, 56.777201715572168 ], [ 24.543499672235381, 56.769754986668218 ], [ 24.530116918410197, 56.755351193061038 ], [ 24.528681675812528, 56.718082920099036 ], [ 24.495395325294218, 56.716609952761608 ], [ 24.436349741013537, 56.681326120284744 ], [ 24.380444887127933, 56.67595762860882 ], [ 24.370214168725088, 56.668230218635912 ], [ 24.383881664286804, 56.665178375896438 ], [ 24.365228362250221, 56.659993387858997 ], [ 24.302775301735409, 56.682547726604597 ], [ 24.268759038472279, 56.683287447023595 ], [ 24.259827614338541, 56.694449607199275 ], [ 24.262111471826124, 56.703526027578 ], [ 24.221276005706788, 56.721790539081944 ], [ 24.197546323541911, 56.7175684360151 ], [ 24.177094052195898, 56.720836597757284 ], [ 24.1795464985324, 56.728141855722562 ], [ 24.058160489705543, 56.72571254149814 ] ] ] } },
{ "type": "Feature", "properties": { "VEIDS": "novads", "NOSAUKUMS": "Olaines novads", "LABEL": "Olaines nov.", "PLAT_KVKM": 308.72 }, "geometry": { "type": "Polygon", "coordinates": [ [ [ 24.007612269882092, 56.756353116440444 ], [ 24.031963962277928, 56.762081246544611 ], [ 24.033774952414799, 56.752968145748866 ], [ 24.01484608236008, 56.743480745213553 ], [ 24.038984472545838, 56.741950030103524 ], [ 24.045989473326951, 56.732551215745765 ], [ 24.061667532958133, 56.734231052482798 ], [ 24.045640929965867, 56.740739432516257 ], [ 24.062881553909342, 56.745078681866957 ], [ 24.064797085139432, 56.731520933921274 ], [ 24.057450719049005, 56.731158981761254 ], [ 24.064735085116002, 56.723299381529301 ], [ 24.1795464985324, 56.728141855722562 ], [ 24.177094052195898, 56.720836597757284 ], [ 24.245241395005394, 56.715400792112177 ], [ 24.256351624540937, 56.701434317693909 ], [ 24.232329134016631, 56.690307552159354 ], [ 24.196853974464965, 56.687727379637622 ], [ 24.187066438069738, 56.687853097859247 ], [ 24.18945607422048, 56.696108040433032 ], [ 24.181778896650005, 56.697531007809211 ], [ 24.177828825286301, 56.683415657188803 ], [ 24.165405471410491, 56.684049637164954 ], [ 24.184904995812587, 56.674267325618999 ], [ 24.162827225622951, 56.672232493110542 ], [ 24.161178149667286, 56.663942672956487 ], [ 24.150115142629168, 56.675831109126129 ], [ 24.145038037304381, 56.667477535030521 ], [ 24.114969989932604, 56.67178072871684 ], [ 24.107336010685547, 56.693355339335973 ], [ 24.086006485660143, 56.685069961684164 ], [ 24.063839130218163, 56.697731500871861 ], [ 24.036061946349658, 56.689714764443039 ], [ 24.017802147151318, 56.694344270097872 ], [ 24.006928387976274, 56.704417810152471 ], [ 24.014651272807559, 56.712067211633695 ], [ 23.996081896725311, 56.725203284750421 ], [ 23.999787219842204, 56.73122793725512 ], [ 23.933555144403439, 56.726732878916138 ], [ 23.923176455962388, 56.742254924701967 ], [ 23.927168718242108, 56.751141673577429 ], [ 23.902794225226046, 56.742405518850134 ], [ 23.859494448505231, 56.744263075267064 ], [ 23.837388899499786, 56.73710458863367 ], [ 23.844071699132883, 56.733276791105517 ], [ 23.835205547110881, 56.725828697930012 ], [ 23.83170200908874, 56.736410565289034 ], [ 23.818683586567506, 56.731310313249892 ], [ 23.827582711958843, 56.737726708379299 ], [ 23.824187476830723, 56.740838332432205 ], [ 23.801232764884755, 56.723418607956745 ], [ 23.771506454501324, 56.739337202201334 ], [ 23.747765275324088, 56.74088776442283 ], [ 23.755675573730059, 56.745634963837333 ], [ 23.766091355801475, 56.771241065526425 ], [ 23.756115075509296, 56.770992107696586 ], [ 23.77660340126851, 56.807283443114549 ], [ 23.787404815538373, 56.809516813218636 ], [ 23.779335610070824, 56.82128263994916 ], [ 23.79345119171639, 56.822731286473967 ], [ 23.833599067903712, 56.80598254530107 ], [ 23.888971090850578, 56.84423919311255 ], [ 23.915234954725893, 56.8438936769763 ], [ 23.944264064193664, 56.855207234929829 ], [ 23.959228211580673, 56.848580212764624 ], [ 23.975483837727438, 56.858013224385758 ], [ 24.014695793997184, 56.84890859919539 ], [ 24.044026137381923, 56.856971413232976 ], [ 24.061955603936049, 56.87871687606286 ], [ 24.104777055763545, 56.880461502198571 ], [ 24.095098872919557, 56.857410499901057 ], [ 24.108714420043377, 56.843034158643903 ], [ 24.139762100959885, 56.833836610904306 ], [ 24.133359893144696, 56.82438953233693 ], [ 24.14052303989056, 56.822262649465273 ], [ 24.13978413687634, 56.810081753796076 ], [ 24.099343400708111, 56.783836166554984 ], [ 24.09880377038597, 56.768328117509562 ], [ 24.043501334812767, 56.772751314642093 ], [ 24.045464398391246, 56.766022710160094 ], [ 24.009388765758057, 56.762162276806407 ], [ 24.007612269882092, 56.756353116440444 ] ] ] } },
{ "type": "Feature", "properties": { "VEIDS": "novads", "NOSAUKUMS": "Saulkrastu novads", "LABEL": "Saulkrastu nov.", "PLAT_KVKM": 277.83 }, "geometry": { "type": "Polygon", "coordinates": [ [ [ 24.403271261175096, 57.350276504486523 ], [ 24.427702256206395, 57.326464604457655 ], [ 24.420775055679655, 57.293790471011114 ], [ 24.4754686458718, 57.298607691618308 ], [ 24.540490775468758, 57.319880397020874 ], [ 24.572690180868278, 57.317322126226237 ], [ 24.569996504851019, 57.310993893650149 ], [ 24.580120332210722, 57.307281126654125 ], [ 24.57001409862529, 57.292967887066077 ], [ 24.585827388049566, 57.294466527686318 ], [ 24.604483337818209, 57.276251907207651 ], [ 24.634858240449262, 57.269465007767842 ], [ 24.633851188474196, 57.241447874111074 ], [ 24.679287920753435, 57.223368166282647 ], [ 24.679087746820962, 57.21282723305842 ], [ 24.66198786607443, 57.212645857437579 ], [ 24.661620691819181, 57.20529826490084 ], [ 24.61665018148657, 57.205963082860208 ], [ 24.628233354102207, 57.193802524372195 ], [ 24.628281702198638, 57.178119535999542 ], [ 24.653839653995398, 57.181431080447105 ], [ 24.682852814492666, 57.171003128307156 ], [ 24.678043886894091, 57.139037928325912 ], [ 24.663767083228144, 57.124850869081939 ], [ 24.570508399292883, 57.13937164956527 ], [ 24.552248733585515, 57.123268295182996 ], [ 24.509105456881606, 57.108106499271258 ], [ 24.465279159432008, 57.182922414681059 ], [ 24.337156532144551, 57.188131141569329 ], [ 24.390466262256918, 57.235013746168178 ], [ 24.4100805616747, 57.265760316908185 ], [ 24.408483786425478, 57.31191212656941 ], [ 24.399539809929358, 57.316553894715391 ], [ 24.403271261175096, 57.350276504486523 ] ] ] } },
{ "type": "Feature", "properties": { "VEIDS": "novads", "NOSAUKUMS": "Limbažu novads", "LABEL": "Limbažu nov.", "PLAT_KVKM": 2440.85 }, "geometry": { "type": "Polygon", "coordinates": [ [ [ 24.572690180868278, 57.317322126226237 ], [ 24.4754686458718, 57.298607691618308 ], [ 24.420775055679655, 57.293790471011114 ], [ 24.429606553248512, 57.319767699394539 ], [ 24.400766942599471, 57.356204552855878 ], [ 24.380080332921114, 57.511548287324935 ], [ 24.362453740441612, 57.541350392267418 ], [ 24.369090358613672, 57.558530985956949 ], [ 24.363202307684503, 57.577097908645584 ], [ 24.38616313867696, 57.615398041424868 ], [ 24.367672297487029, 57.648113906188328 ], [ 24.359341085076043, 57.684645920935637 ], [ 24.342632326653039, 57.702477291923685 ], [ 24.346287940575067, 57.749627489069795 ], [ 24.339335187795005, 57.75546718531924 ], [ 24.348773078379828, 57.75660777485318 ], [ 24.342585622162492, 57.788714896669553 ], [ 24.347863853712219, 57.790428897246734 ], [ 24.33316605714888, 57.824441571271848 ], [ 24.344223380890718, 57.864569979705379 ], [ 24.349032569303056, 57.876741361975085 ], [ 24.409332502691626, 57.87168801938175 ], [ 24.411324480687615, 57.864544023955283 ], [ 24.459871517652608, 57.8801174660749 ], [ 24.452412215363637, 57.899453806180944 ], [ 24.459535196286428, 57.90649917397657 ], [ 24.445493822399406, 57.908039278013355 ], [ 24.462261885280579, 57.924954263242192 ], [ 24.512993126493356, 57.9307022472873 ], [ 24.520675559390565, 57.94345389842848 ], [ 24.585093800171492, 57.96205100466257 ], [ 24.616654093072448, 57.94354284678316 ], [ 24.62840517331713, 57.941868349894271 ], [ 24.645764208871601, 57.952775928814049 ], [ 24.644352931290381, 57.959145441767454 ], [ 24.674837966867226, 57.959232719184364 ], [ 24.692094415920138, 57.946416126235896 ], [ 24.71510603107647, 57.962527050085633 ], [ 24.743537466309885, 57.964877176545471 ], [ 24.742142548702894, 57.982037766061055 ], [ 24.808295607993315, 57.990517468387196 ], [ 24.834081865196399, 57.972779769397214 ], [ 24.848155903464676, 57.905857179074076 ], [ 24.891376977137838, 57.894538114864872 ], [ 24.877729695001982, 57.882405979702703 ], [ 24.888894051340447, 57.876633132248465 ], [ 24.883687747609088, 57.86853299633659 ], [ 24.893834791562991, 57.860803599813835 ], [ 24.887747421806381, 57.852198322786393 ], [ 24.898708599919512, 57.851453513912887 ], [ 24.896984497326052, 57.827688712882782 ], [ 24.935685568430795, 57.816500186317512 ], [ 24.946667459743168, 57.827875090733016 ], [ 24.955937213198389, 57.81583826445079 ], [ 24.94743251861194, 57.80620936639346 ], [ 24.974967914695643, 57.811262078623052 ], [ 25.007534030490188, 57.800762826287524 ], [ 25.024110813691781, 57.783063883654648 ], [ 25.040579865780494, 57.787426633942644 ], [ 25.077623683645008, 57.774804476749914 ], [ 25.076436921129091, 57.757069653802347 ], [ 25.099973312406533, 57.737970974051308 ], [ 25.085754802853735, 57.734115554372245 ], [ 25.090743332179755, 57.728479426583014 ], [ 25.07703418515203, 57.723103986442425 ], [ 25.062826387001994, 57.70171624622796 ], [ 25.099553959370816, 57.687530473736729 ], [ 25.076986787057404, 57.677762778386722 ], [ 25.082998515084732, 57.672432195905145 ], [ 25.077312412978721, 57.66774269586999 ], [ 25.091885126818305, 57.654852977882747 ], [ 25.046901229358323, 57.654256127650086 ], [ 25.088714940636333, 57.628811903636901 ], [ 25.077626591701758, 57.626332106470727 ], [ 25.073861912691743, 57.632455897740478 ], [ 25.061409160554661, 57.622940925256067 ], [ 25.041867435939029, 57.623838223487404 ], [ 25.022932617877043, 57.630445966102322 ], [ 25.022007882262137, 57.643082432666297 ], [ 24.978692317531628, 57.640084850701619 ], [ 24.975500149588559, 57.62990688596674 ], [ 24.93184087159813, 57.60933602264182 ], [ 24.902288964901345, 57.614734478824701 ], [ 24.896290155826254, 57.606118793209575 ], [ 24.905462729723439, 57.590758767648872 ], [ 24.894024346914435, 57.586597827623379 ], [ 24.894611364389068, 57.572736294806717 ], [ 24.91265805442713, 57.567434037347397 ], [ 24.916529936558042, 57.557693377390912 ], [ 25.007986185891291, 57.570677641651471 ], [ 25.007665814973794, 57.56295158226169 ], [ 25.029776904852536, 57.551634817994604 ], [ 25.02733490716167, 57.54472618459539 ], [ 25.060419224768161, 57.529360404872691 ], [ 25.052220725454397, 57.517652169310693 ], [ 25.040971320202022, 57.518349349427197 ], [ 25.046294608964164, 57.509892729209156 ], [ 25.05551123361327, 57.510127711666023 ], [ 25.054898592343822, 57.516298226818627 ], [ 25.084752876661003, 57.514561113957676 ], [ 25.088027618424945, 57.499985919861196 ], [ 25.061172544834253, 57.505626565830838 ], [ 25.058339916658969, 57.496781676475564 ], [ 25.045401158088197, 57.494726340686128 ], [ 25.069090600385394, 57.48968487450437 ], [ 25.051712736744093, 57.484411889493408 ], [ 25.058869207126428, 57.481410258509051 ], [ 25.009645137190635, 57.477231667233497 ], [ 25.00970716029784, 57.466513771733112 ], [ 24.98248035342268, 57.466608483331008 ], [ 24.9926210745096, 57.457864611149922 ], [ 24.960893657198053, 57.452604378425178 ], [ 24.912008543232655, 57.429383519055655 ], [ 24.894628435135346, 57.430727193470176 ], [ 24.865157113262459, 57.410182767604248 ], [ 24.836488562099344, 57.420957361929247 ], [ 24.832033826881606, 57.416210782371429 ], [ 24.814989125112287, 57.427698342975326 ], [ 24.787853776813449, 57.428961623297042 ], [ 24.785124298000824, 57.422384426132027 ], [ 24.794960375770287, 57.417773324495244 ], [ 24.78868134411832, 57.412309174661573 ], [ 24.835359755816544, 57.407115271713216 ], [ 24.856576046085713, 57.387531221925684 ], [ 24.851262900909813, 57.384245201842042 ], [ 24.764710232955558, 57.387947383429996 ], [ 24.757665321860664, 57.39347475598111 ], [ 24.764675947767202, 57.403410600654354 ], [ 24.758079382831237, 57.410060525433956 ], [ 24.732856638618369, 57.392918074272494 ], [ 24.70074538515248, 57.388002328201253 ], [ 24.717114522646447, 57.347654597280304 ], [ 24.701774637290622, 57.339309371834737 ], [ 24.710137412743777, 57.334931196990013 ], [ 24.694395297273253, 57.33331299146986 ], [ 24.696239075164005, 57.327127224040993 ], [ 24.676805591740813, 57.328596947827094 ], [ 24.675618494796616, 57.318805692733896 ], [ 24.648279221753096, 57.318409996501323 ], [ 24.653157492516957, 57.314207452925928 ], [ 24.647481281216216, 57.308167107148307 ], [ 24.656256583294752, 57.299042135447074 ], [ 24.692153033545683, 57.291824335380227 ], [ 24.708596699590334, 57.247417065399482 ], [ 24.703348989324894, 57.239891500569925 ], [ 24.724901700243716, 57.239930812607987 ], [ 24.713701398244325, 57.22783181780882 ], [ 24.689139524643828, 57.22144892748446 ], [ 24.667969481781782, 57.232291085260059 ], [ 24.645658276297851, 57.2316816388077 ], [ 24.630396392825133, 57.252464251481733 ], [ 24.638148504007184, 57.266837532351985 ], [ 24.604483337818209, 57.276251907207651 ], [ 24.585827388049566, 57.294466527686318 ], [ 24.57001409862529, 57.292967887066077 ], [ 24.580120332210722, 57.307281126654125 ], [ 24.569996504851019, 57.310993893650149 ], [ 24.572690180868278, 57.317322126226237 ] ] ] } },
{ "type": "Feature", "properties": { "VEIDS": "novads", "NOSAUKUMS": "Augšdaugavas novads", "LABEL": "Augšdaugavas nov.", "PLAT_KVKM": 2523.59 }, "geometry": { "type": "Polygon", "coordinates": [ [ [ 25.937890877257491, 56.059157475336505 ], [ 26.005234056415102, 56.090862124656766 ], [ 26.026859220421862, 56.081873523072652 ], [ 26.035434725650816, 56.068912062454224 ], [ 26.062748770803822, 56.069600862194001 ], [ 26.068967300814109, 56.081599308378486 ], [ 26.089689877684595, 56.084602138522364 ], [ 26.091421591922625, 56.099759352285361 ], [ 26.107539111881422, 56.112513692173579 ], [ 26.127151512828018, 56.095761668625343 ], [ 26.137363557493003, 56.097267211635334 ], [ 26.150964649619581, 56.112241991079316 ], [ 26.147926235527258, 56.123898593300986 ], [ 26.136009850882083, 56.130078483084809 ], [ 26.214806555702161, 56.172269672755419 ], [ 26.238027239942024, 56.174239626295318 ], [ 26.255869113078251, 56.16568257301094 ], [ 26.251020575539457, 56.149477624366014 ], [ 26.261844441466067, 56.147050962952996 ], [ 26.26743977974483, 56.156642505711794 ], [ 26.292373554728282, 56.160619331669473 ], [ 26.318914042392588, 56.152193645975224 ], [ 26.3157822812902, 56.145238460347805 ], [ 26.325267934281765, 56.142086648865956 ], [ 26.310268707413851, 56.123638172098616 ], [ 26.319351815563092, 56.123816013140477 ], [ 26.31705577832901, 56.099962907976696 ], [ 26.333444798134089, 56.096426587658321 ], [ 26.335209363202807, 56.145442527743683 ], [ 26.309806763033198, 56.172831265251595 ], [ 26.291271119975388, 56.181150629453761 ], [ 26.316813232051214, 56.190992956934167 ], [ 26.326284791918333, 56.187300428889166 ], [ 26.366555442136804, 56.208226886649221 ], [ 26.422772170312168, 56.175228099925988 ], [ 26.459885851955537, 56.192158041302548 ], [ 26.49755464024771, 56.167956093438988 ], [ 26.506232575207697, 56.129559405197938 ], [ 26.55457626945007, 56.131010960861879 ], [ 26.544695870442677, 56.160035693635976 ], [ 26.558404957982507, 56.168072086893169 ], [ 26.577715562514097, 56.158484133413005 ], [ 26.570314905632578, 56.145499165956629 ], [ 26.588926344551375, 56.13446284449801 ], [ 26.600011934240118, 56.137433693063059 ], [ 26.625152537064967, 56.123702678849035 ], [ 26.643567286208121, 56.139396052739464 ], [ 26.682430761328316, 56.134445727143479 ], [ 26.691823607000426, 56.131238339870094 ], [ 26.705510627973144, 56.107072461164037 ], [ 26.764499459826773, 56.108035776695644 ], [ 26.822928118147363, 56.134858992376721 ], [ 26.844009326537027, 56.118842640287212 ], [ 26.890546062097538, 56.13428030937601 ], [ 26.896232412278565, 56.125309499745818 ], [ 26.88812477524262, 56.104337804015586 ], [ 26.908570718785661, 56.094865017176815 ], [ 26.912744689443755, 56.078391541428026 ], [ 26.931805524161522, 56.067209338289572 ], [ 26.93110327875041, 56.05902378468506 ], [ 26.973421877453234, 56.062090971225551 ], [ 26.965822544599302, 56.053708985014424 ], [ 26.970644359837134, 56.051030920808358 ], [ 26.954271468135779, 56.050039249457804 ], [ 26.959996844054622, 56.044858963328153 ], [ 26.947740136418993, 56.041445032416163 ], [ 26.970418707421771, 56.011187397805791 ], [ 26.930177604138358, 56.003311458139166 ], [ 26.942052683748447, 55.99648619470878 ], [ 26.93505207817044, 55.986368112676985 ], [ 26.942284046256454, 55.965438096641513 ], [ 26.96838321971433, 55.95361719183682 ], [ 26.933945275858928, 55.938705474725431 ], [ 26.959000335071568, 55.924580356793477 ], [ 26.93305974052258, 55.908118682183904 ], [ 26.928135917917515, 55.889409264644726 ], [ 26.93539009184374, 55.870976473305248 ], [ 26.984253216575087, 55.869639705297921 ], [ 26.977642655433055, 55.847965579799428 ], [ 26.984082022291968, 55.843610146243186 ], [ 26.97451250657593, 55.832883203725338 ], [ 26.98248770263265, 55.822957738833757 ], [ 26.946758777689436, 55.787488624175012 ], [ 26.920222713024323, 55.787852620808053 ], [ 26.901156240502459, 55.751560799060307 ], [ 26.875296038046972, 55.734470931423466 ], [ 26.870440983872019, 55.713754851233055 ], [ 26.799826325131484, 55.698044104875912 ], [ 26.783963988268056, 55.677790956133549 ], [ 26.743112846287019, 55.682350637607911 ], [ 26.721862178818348, 55.700776576020367 ], [ 26.652861943841145, 55.707503561367993 ], [ 26.644449096642923, 55.704283178411714 ], [ 26.651453184497523, 55.70009569420688 ], [ 26.636664926299044, 55.682258749253876 ], [ 26.597524765274734, 55.674681365872708 ], [ 26.521266216815214, 55.678630715849344 ], [ 26.512272909351374, 55.687302840637344 ], [ 26.492692585633076, 55.688059932505318 ], [ 26.491039908529874, 55.695964772603055 ], [ 26.439649863636721, 55.709483793850531 ], [ 26.403362959030495, 55.711424995298785 ], [ 26.385847699649837, 55.704473442129498 ], [ 26.350029768184108, 55.742385321254268 ], [ 26.313351467939494, 55.742840516342305 ], [ 26.268621469264762, 55.767726069030026 ], [ 26.231221973630149, 55.812431790836285 ], [ 26.229389446290611, 55.838210327722059 ], [ 26.20374893011461, 55.858882181551884 ], [ 26.120282874764964, 55.87945700512411 ], [ 26.054975704478796, 55.93478773033862 ], [ 26.045950756636206, 55.954230715054585 ], [ 26.01036463916882, 55.967015318002169 ], [ 26.000018852255533, 55.962815731854604 ], [ 25.974363119688018, 55.98158686122332 ], [ 25.892874598501752, 56.000831503169302 ], [ 25.860288892014189, 55.999741799705134 ], [ 25.848917218296847, 56.008239749620635 ], [ 25.859680104822871, 56.014826902765762 ], [ 25.858692711996792, 56.022522713245174 ], [ 25.835198940387212, 56.032633619634417 ], [ 25.820430540471961, 56.05200236237711 ], [ 25.839341624251105, 56.053982836487883 ], [ 25.833853737194957, 56.062820097176363 ], [ 25.846200355814926, 56.065203925645442 ], [ 25.84023257585752, 56.074545033648661 ], [ 25.878178180015581, 56.082282871769571 ], [ 25.841750721698094, 56.10061249440664 ], [ 25.837028995649636, 56.119500709009472 ], [ 25.897617177619662, 56.09803735233524 ], [ 25.931440551201479, 56.075612697407927 ], [ 25.937890877257491, 56.059157475336505 ] ], [ [ 26.495148216076959, 55.847632890364586 ], [ 26.486088750526704, 55.837457281731005 ], [ 26.494804252434278, 55.834751815648829 ], [ 26.501769802333893, 55.85065110472037 ], [ 26.547107638667569, 55.844093127444374 ], [ 26.546352126099464, 55.851755524390263 ], [ 26.562330450785023, 55.854377115300025 ], [ 26.560986416746246, 55.860815157180518 ], [ 26.636175196266066, 55.869399808625666 ], [ 26.607967968689415, 55.881457754123694 ], [ 26.614883330654358, 55.891347328978121 ], [ 26.605903496605936, 55.899663694627151 ], [ 26.611267901911425, 55.925379241755344 ], [ 26.591174954943213, 55.957575214350321 ], [ 26.538701721852021, 55.905097306599622 ], [ 26.463816712744329, 55.925508316305574 ], [ 26.449644539735655, 55.924818400691315 ], [ 26.437998744845544, 55.913327455914853 ], [ 26.48883910644258, 55.877521786225167 ], [ 26.475555896001069, 55.86122031218202 ], [ 26.495148216076959, 55.847632890364586 ] ] ] } },
{ "type": "Feature", "properties": { "VEIDS": "novads", "NOSAUKUMS": "Varakļānu novads", "LABEL": "Varakļānu nov.", "PLAT_KVKM": 277.95 }, "geometry": { "type": "Polygon", "coordinates": [ [ [ 26.766439493602505, 56.676352638899345 ], [ 26.778103451098094, 56.665314466749727 ], [ 26.774585900665613, 56.656802733541845 ], [ 26.789335209333444, 56.648320413259462 ], [ 26.771583562835531, 56.634819128657128 ], [ 26.77310623831502, 56.62156619765819 ], [ 26.791854769374389, 56.608678279679218 ], [ 26.730663035729755, 56.589465451062232 ], [ 26.735455674307101, 56.585610171347462 ], [ 26.722784241340392, 56.577686130484182 ], [ 26.752015900718636, 56.561839914969298 ], [ 26.743158758865476, 56.560522092729109 ], [ 26.743381602901927, 56.543318406157248 ], [ 26.735544656537339, 56.534882556985686 ], [ 26.71382345778671, 56.545844107099214 ], [ 26.618229504381041, 56.539796644108726 ], [ 26.6073994734857, 56.557873206844526 ], [ 26.584340796066567, 56.54615986875887 ], [ 26.576761067322398, 56.55966384380595 ], [ 26.59853177551312, 56.592762018170113 ], [ 26.489126804934561, 56.59970330698139 ], [ 26.377914930164831, 56.641455961078577 ], [ 26.376042721748103, 56.672446399196346 ], [ 26.515145033059639, 56.67225606987062 ], [ 26.568885858377183, 56.68950355626599 ], [ 26.605950725037498, 56.686144571869917 ], [ 26.607789179213185, 56.696732482164499 ], [ 26.634834415460233, 56.711608517780668 ], [ 26.696380768084026, 56.714613689731245 ], [ 26.696598469401167, 56.696380201924597 ], [ 26.766439493602505, 56.676352638899345 ] ] ] } }
]
}
